body,subreddit
"The real question is, how can we save a discharged battery? If it has removable caps, it is possible some water has evaporated. Note the water, not the electrolytes, which are still in the battery.  Fill it to the top with clean water (no, it does'nt need to be distilled, but that will help keep the plates inside cleaner) 

I charge them overnight and keep fingers crossed.

If the battery doesn't have removable caps, about all you can do is try to charge them.

If there is any cracks, warping or bulging to the case, it is shot. Save it to turn in when you get the replacement.

",askscience
Well I'm a whale biologist ask me anything,askscience
"Hi zenwren thank you for submitting to /r/Askscience.

**If your post is not flaired it will not be reviewed.**    Please add flair to your post. 
 
 Your post will be removed permanently if flair is not added within one hour. You can flair this post by replying to this message with  your  flair choice.  It must be an exact match to one of the following flair categories and contain no other text:

 'Computing', 'Economics', 'Human Body', 'Engineering', 'Planetary Sci.', 'Archaeology', 'Neuroscience', 'Biology', 'Chemistry', 'Medicine', 'Linguistics', 'Mathematics', 'Astronomy', 'Psychology', 'Paleontology', 'Political Science', 'Social Science', 'Earth Sciences', 'Anthropology', 'Physics'

 ___

 Your post is not yet visible on the forum and is awaiting review from the moderator team. Your question may be denied for the following reasons, 

 
* **Have you searched for your question on** [**AskScience**](https://www.reddit.com/r/askscience/search?q=Are%20there%20any%20circumstances%20in%20which%20thunder/lighting%20could%20become%20far%20more%20powerful%3F &sort=relevance&restrict_sr=on&t=all) **or on**  [**Google**](https://www.google.com/search?q=Are%20there%20any%20circumstances%20in%20which%20thunder/lighting%20could%20become%20far%20more%20powerful%3F)**?** - Common questions, or questions covered in the [**FAQ**](https://www.reddit.com/r/askscience/wiki/faq), will be rejected.
* **Are you asking for** [**medical advice**](http://redd.it/s4chc) **or does your post contain personal medical information?** - These questions, even innocuous ones should be between you and your doctor.
* **Is your post speculative or hypothetical?** - Questions involving unphysical what ifs or imaginary situations requiring guesses and speculation are best for /r/AskScienceDiscussion. 

There are more restrictions on what kind of questions are suitable for /r/AskScience, the above are just some of the most common. While you wait, check out the forum 
[**Posting Guidelines**](https://www.reddit.com/r/askscience/wiki/quickstart/askingquestions) on asking questions as well as our [**User Help Page**](https://www.reddit.com/r/askscience/wiki/index#wiki_askscience_user_help_page). Please wait several hours before messaging us if there is an issue, moderator mail concerning recent submissions will be ignored.

___

*I am a bot, and this action was performed automatically. Please contact the* [*moderators of this subreddit*](http://www.reddit.com/message/compose?to=%2Fr%2FAskScience&amp;message=My%20Post:%20http://redd.it/4l9i5g) *if you have any questions or concerns.*",askscience
"Hi speeshy thank you for submitting to /r/Askscience.

**If your post is not flaired it will not be reviewed.**    Please add flair to your post. 
 
 Your post will be removed permanently if flair is not added within one hour. You can flair this post by replying to this message with  your  flair choice.  It must be an exact match to one of the following flair categories and contain no other text:

 'Computing', 'Economics', 'Human Body', 'Engineering', 'Planetary Sci.', 'Archaeology', 'Neuroscience', 'Biology', 'Chemistry', 'Medicine', 'Linguistics', 'Mathematics', 'Astronomy', 'Psychology', 'Paleontology', 'Political Science', 'Social Science', 'Earth Sciences', 'Anthropology', 'Physics'

 ___

 Your post is not yet visible on the forum and is awaiting review from the moderator team. Your question may be denied for the following reasons, 

 
* **Have you searched for your question on** [**AskScience**](https://www.reddit.com/r/askscience/search?q=How%20much%20pollution%20is%20created%20in%20the%20production%20of%20those%20giant%20electric%20car%20batteries%2C%20versus%20the%20a%20normal%20vehicle%27s%20emissions%20over%20the%20course%20of%20its%20life%3F &sort=relevance&restrict_sr=on&t=all) **or on**  [**Google**](https://www.google.com/search?q=How%20much%20pollution%20is%20created%20in%20the%20production%20of%20those%20giant%20electric%20car%20batteries%2C%20versus%20the%20a%20normal%20vehicle%27s%20emissions%20over%20the%20course%20of%20its%20life%3F)**?** - Common questions, or questions covered in the [**FAQ**](https://www.reddit.com/r/askscience/wiki/faq), will be rejected.
* **Are you asking for** [**medical advice**](http://redd.it/s4chc) **or does your post contain personal medical information?** - These questions, even innocuous ones should be between you and your doctor.
* **Is your post speculative or hypothetical?** - Questions involving unphysical what ifs or imaginary situations requiring guesses and speculation are best for /r/AskScienceDiscussion. 

There are more restrictions on what kind of questions are suitable for /r/AskScience, the above are just some of the most common. While you wait, check out the forum 
[**Posting Guidelines**](https://www.reddit.com/r/askscience/wiki/quickstart/askingquestions) on asking questions as well as our [**User Help Page**](https://www.reddit.com/r/askscience/wiki/index#wiki_askscience_user_help_page). Please wait several hours before messaging us if there is an issue, moderator mail concerning recent submissions will be ignored.

___

*I am a bot, and this action was performed automatically. Please contact the* [*moderators of this subreddit*](http://www.reddit.com/message/compose?to=%2Fr%2FAskScience&amp;message=My%20Post:%20http://redd.it/5mif72) *if you have any questions or concerns.*",askscience
"Hi jenthepen1965 thank you for submitting to /r/Askscience.

**If your post is not flaired it will not be reviewed.**    Please add flair to your post. 
 
 Your post will be removed permanently if flair is not added within one hour. You can flair this post by replying to this message with  your  flair choice.  It must be an exact match to one of the following flair categories and contain no other text:

 'Computing', 'Economics', 'Human Body', 'Engineering', 'Planetary Sci.', 'Archaeology', 'Neuroscience', 'Biology', 'Chemistry', 'Medicine', 'Linguistics', 'Mathematics', 'Astronomy', 'Psychology', 'Paleontology', 'Political Science', 'Social Science', 'Earth Sciences', 'Anthropology', 'Physics'

 ___

 Your post is not yet visible on the forum and is awaiting review from the moderator team. Your question may be denied for the following reasons, 

 
* **Have you searched for your question on** [**AskScience**](https://www.reddit.com/r/askscience/search?q=How%20does%20Brexit%20work%3F &sort=relevance&restrict_sr=on&t=all) **or on**  [**Google**](https://www.google.com/search?q=How%20does%20Brexit%20work%3F)**?** - Common questions, or questions covered in the [**FAQ**](https://www.reddit.com/r/askscience/wiki/faq), will be rejected.
* **Are you asking for** [**medical advice**](http://redd.it/s4chc) **or does your post contain personal medical information?** - These questions, even innocuous ones should be between you and your doctor.
* **Is your post speculative or hypothetical?** - Questions involving unphysical what ifs or imaginary situations requiring guesses and speculation are best for /r/AskScienceDiscussion. 

There are more restrictions on what kind of questions are suitable for /r/AskScience, the above are just some of the most common. While you wait, check out the forum 
[**Posting Guidelines**](https://www.reddit.com/r/askscience/wiki/quickstart/askingquestions) on asking questions as well as our [**User Help Page**](https://www.reddit.com/r/askscience/wiki/index#wiki_askscience_user_help_page). Please wait several hours before messaging us if there is an issue, moderator mail concerning recent submissions will be ignored.

___

*I am a bot, and this action was performed automatically. Please contact the* [*moderators of this subreddit*](http://www.reddit.com/message/compose?to=%2Fr%2FAskScience&amp;message=My%20Post:%20http://redd.it/59zjt2) *if you have any questions or concerns.*",askscience
"Hi itoodrinkzeecognac thank you for submitting to /r/Askscience.

**If your post is not flaired it will not be reviewed.**    Please add flair to your post. 
 
 Your post will be removed permanently if flair is not added within one hour. You can flair this post by replying to this message with  your  flair choice.  It must be an exact match to one of the following flair categories and contain no other text:

 'Computing', 'Economics', 'Human Body', 'Engineering', 'Planetary Sci.', 'Archaeology', 'Neuroscience', 'Biology', 'Chemistry', 'Medicine', 'Linguistics', 'Mathematics', 'Astronomy', 'Psychology', 'Paleontology', 'Political Science', 'Social Science', 'Earth Sciences', 'Anthropology', 'Physics'

 ___

 Your post is not yet visible on the forum and is awaiting review from the moderator team. Your question may be denied for the following reasons, 

 
* **Have you searched for your question on** [**AskScience**](https://www.reddit.com/r/askscience/search?q=Where%20do%20our%20voices%20come%20from%3F &sort=relevance&restrict_sr=on&t=all) **or on**  [**Google**](https://www.google.com/search?q=Where%20do%20our%20voices%20come%20from%3F)**?** - Common questions, or questions covered in the [**FAQ**](https://www.reddit.com/r/askscience/wiki/faq), will be rejected.
* **Are you asking for** [**medical advice**](http://redd.it/s4chc) **or does your post contain personal medical information?** - These questions, even innocuous ones should be between you and your doctor.
* **Is your post speculative or hypothetical?** - Questions involving unphysical what ifs or imaginary situations requiring guesses and speculation are best for /r/AskScienceDiscussion. 

There are more restrictions on what kind of questions are suitable for /r/AskScience, the above are just some of the most common. While you wait, check out the forum 
[**Posting Guidelines**](https://www.reddit.com/r/askscience/wiki/quickstart/askingquestions) on asking questions as well as our [**User Help Page**](https://www.reddit.com/r/askscience/wiki/index#wiki_askscience_user_help_page). Please wait several hours before messaging us if there is an issue, moderator mail concerning recent submissions will be ignored.

___

*I am a bot, and this action was performed automatically. Please contact the* [*moderators of this subreddit*](http://www.reddit.com/message/compose?to=%2Fr%2FAskScience&amp;message=My%20Post:%20http://redd.it/5ng30a) *if you have any questions or concerns.*",askscience
"There are also many indirect effects on the environment, just from the consumption of materials. Eg fuel consumed to transport material, pollution caused by the production of materials, etc. No one knows exactly how much a wall would cost. Estimates are $15-25 billion. Previous fencing/walling actions cost $16 million/mile.",askscience
"Hi Doc.  I had cataract surgery at 44 but in retrospect needed it several years before that.  It was such a painless procedure with such wonderful results.  I compare it to Dorothy arriving into the Emerald City - my world changed from drab and fuzzy to an amazing display of color.  

Question - my father also needed cataract surgery young (but in his 50s), also, I had RK in the early 90's.  Did either or both of these contribute to my cataracts?  Is my daughter at risk for developing early cataracts?  I ask because I was not diagnosed with them for several years even after struggling with night driving, difficulty reading, etc.  

(IIRC I had atypical cataracts - maybe posterior?  my eyes had to be dilated for the optometrist to finally diagnose.)",askscience
Can you emulate my gtx980ti to become gtx1080ti? ,askscience
something like 70,askscience
"Hi SpeedWisp02 thank you for submitting to /r/Askscience.

**If your post is not flaired it will not be reviewed.**    Please add flair to your post. 
 
 Your post will be removed permanently if flair is not added within one hour. You can flair this post by replying to this message with  your  flair choice.  It must be an exact match to one of the following flair categories and contain no other text:

 'Computing', 'Economics', 'Human Body', 'Engineering', 'Planetary Sci.', 'Archaeology', 'Neuroscience', 'Biology', 'Chemistry', 'Medicine', 'Linguistics', 'Mathematics', 'Astronomy', 'Psychology', 'Paleontology', 'Political Science', 'Social Science', 'Earth Sciences', 'Anthropology', 'Physics'

 ___

 Your post is not yet visible on the forum and is awaiting review from the moderator team. Your question may be denied for the following reasons, 

 
* **Have you searched for your question on** [**AskScience**](https://www.reddit.com/r/askscience/search?q=Is%20menthol%20candy%20bad%20for%20you%3F &sort=relevance&restrict_sr=on&t=all) **or on**  [**Google**](https://www.google.com/search?q=Is%20menthol%20candy%20bad%20for%20you%3F)**?** - Common questions, or questions covered in the [**FAQ**](https://www.reddit.com/r/askscience/wiki/faq), will be rejected.
* **Are you asking for** [**medical advice**](http://redd.it/s4chc) **or does your post contain personal medical information?** - These questions, even innocuous ones should be between you and your doctor.
* **Is your post speculative or hypothetical?** - Questions involving unphysical what ifs or imaginary situations requiring guesses and speculation are best for /r/AskScienceDiscussion. 

There are more restrictions on what kind of questions are suitable for /r/AskScience, the above are just some of the most common. While you wait, check out the forum 
[**Posting Guidelines**](https://www.reddit.com/r/askscience/wiki/quickstart/askingquestions) on asking questions as well as our [**User Help Page**](https://www.reddit.com/r/askscience/wiki/index#wiki_askscience_user_help_page). Please wait several hours before messaging us if there is an issue, moderator mail concerning recent submissions will be ignored.

___

*I am a bot, and this action was performed automatically. Please contact the* [*moderators of this subreddit*](http://www.reddit.com/message/compose?to=%2Fr%2FAskScience&amp;message=My%20Post:%20http://redd.it/5dnxk6) *if you have any questions or concerns.*",askscience
"Hi lenbedesma thank you for submitting to /r/Askscience.

**If your post is not flaired it will not be reviewed.**    Please add flair to your post. 
 
 Your post will be removed permanently if flair is not added within one hour. You can flair this post by replying to this message with  your  flair choice.  It must be an exact match to one of the following flair categories and contain no other text:

 'Computing', 'Economics', 'Human Body', 'Engineering', 'Planetary Sci.', 'Archaeology', 'Neuroscience', 'Biology', 'Chemistry', 'Medicine', 'Linguistics', 'Mathematics', 'Astronomy', 'Psychology', 'Paleontology', 'Political Science', 'Social Science', 'Earth Sciences', 'Anthropology', 'Physics'

 ___

 Your post is not yet visible on the forum and is awaiting review from the moderator team. Your question may be denied for the following reasons, 

 
* **Have you searched for your question on** [**AskScience**](https://www.reddit.com/r/askscience/search?q=What%20research%20is%20being%20done%20on%20Crohn%27s%20disease%20other%20than%20biologics%3F%20Are%20any%20experimental%20treatments%20promising%3F &sort=relevance&restrict_sr=on&t=all) **or on**  [**Google**](https://www.google.com/search?q=What%20research%20is%20being%20done%20on%20Crohn%27s%20disease%20other%20than%20biologics%3F%20Are%20any%20experimental%20treatments%20promising%3F)**?** - Common questions, or questions covered in the [**FAQ**](https://www.reddit.com/r/askscience/wiki/faq), will be rejected.
* **Are you asking for** [**medical advice**](http://redd.it/s4chc) **or does your post contain personal medical information?** - These questions, even innocuous ones should be between you and your doctor.
* **Is your post speculative or hypothetical?** - Questions involving unphysical what ifs or imaginary situations requiring guesses and speculation are best for /r/AskScienceDiscussion. 

There are more restrictions on what kind of questions are suitable for /r/AskScience, the above are just some of the most common. While you wait, check out the forum 
[**Posting Guidelines**](https://www.reddit.com/r/askscience/wiki/quickstart/askingquestions) on asking questions as well as our [**User Help Page**](https://www.reddit.com/r/askscience/wiki/index#wiki_askscience_user_help_page). Please wait several hours before messaging us if there is an issue, moderator mail concerning recent submissions will be ignored.

___

*I am a bot, and this action was performed automatically. Please contact the* [*moderators of this subreddit*](http://www.reddit.com/message/compose?to=%2Fr%2FAskScience&amp;message=My%20Post:%20http://redd.it/4x0jap) *if you have any questions or concerns.*",askscience
It is crazy to think there could be entire realities made of anti-matter and it would look exactly the same. Obviously if we ever happened upon this dimension our body would be annihilated at an atomic level instantly. Our universe seems to be far more complex then we can imagine and I love it.,askscience
"Hi ManyLlamas thank you for submitting to /r/Askscience.

**If your post is not flaired it will not be reviewed.**    Please add flair to your post. 
 
 Your post will be removed permanently if flair is not added within one hour. You can flair this post by replying to this message with  your  flair choice.  It must be an exact match to one of the following flair categories and contain no other text:

 'Computing', 'Economics', 'Human Body', 'Engineering', 'Planetary Sci.', 'Archaeology', 'Neuroscience', 'Biology', 'Chemistry', 'Medicine', 'Linguistics', 'Mathematics', 'Astronomy', 'Psychology', 'Paleontology', 'Political Science', 'Social Science', 'Earth Sciences', 'Anthropology', 'Physics'

 ___

 Your post is not yet visible on the forum and is awaiting review from the moderator team. Your question may be denied for the following reasons, 

 
* **Have you searched for your question on** [**AskScience**](https://www.reddit.com/r/askscience/search?q=How%20many%20volts%20is%201%20watt%20and%20100%20milliamps%3F &sort=relevance&restrict_sr=on&t=all) **or on**  [**Google**](https://www.google.com/search?q=How%20many%20volts%20is%201%20watt%20and%20100%20milliamps%3F)**?** - Common questions, or questions covered in the [**FAQ**](https://www.reddit.com/r/askscience/wiki/faq), will be rejected.
* **Are you asking for** [**medical advice**](http://redd.it/s4chc) **or does your post contain personal medical information?** - These questions, even innocuous ones should be between you and your doctor.
* **Is your post speculative or hypothetical?** - Questions involving unphysical what ifs or imaginary situations requiring guesses and speculation are best for /r/AskScienceDiscussion. 

There are more restrictions on what kind of questions are suitable for /r/AskScience, the above are just some of the most common. While you wait, check out the forum 
[**Posting Guidelines**](https://www.reddit.com/r/askscience/wiki/quickstart/askingquestions) on asking questions as well as our [**User Help Page**](https://www.reddit.com/r/askscience/wiki/index#wiki_askscience_user_help_page). Please wait several hours before messaging us if there is an issue, moderator mail concerning recent submissions will be ignored.

___

*I am a bot, and this action was performed automatically. Please contact the* [*moderators of this subreddit*](http://www.reddit.com/message/compose?to=%2Fr%2FAskScience&amp;message=My%20Post:%20http://redd.it/5mol2c) *if you have any questions or concerns.*",askscience
"Hi Jake42Film thank you for submitting to /r/Askscience.

**If your post is not flaired it will not be reviewed.**    Please add flair to your post. 
 
 Your post will be removed permanently if flair is not added within one hour. You can flair this post by replying to this message with  your  flair choice.  It must be an exact match to one of the following flair categories and contain no other text:

 'Computing', 'Economics', 'Human Body', 'Engineering', 'Planetary Sci.', 'Archaeology', 'Neuroscience', 'Biology', 'Chemistry', 'Medicine', 'Linguistics', 'Mathematics', 'Astronomy', 'Psychology', 'Paleontology', 'Political Science', 'Social Science', 'Earth Sciences', 'Anthropology', 'Physics'

 ___

 Your post is not yet visible on the forum and is awaiting review from the moderator team. Your question may be denied for the following reasons, 

 
* **Have you searched for your question on** [**AskScience**](https://www.reddit.com/r/askscience/search?q=How%20can%20we%20see%20the%20Milky%20Way%20galaxy%3F &sort=relevance&restrict_sr=on&t=all) **or on**  [**Google**](https://www.google.com/search?q=How%20can%20we%20see%20the%20Milky%20Way%20galaxy%3F)**?** - Common questions, or questions covered in the [**FAQ**](https://www.reddit.com/r/askscience/wiki/faq), will be rejected.
* **Are you asking for** [**medical advice**](http://redd.it/s4chc) **or does your post contain personal medical information?** - These questions, even innocuous ones should be between you and your doctor.
* **Is your post speculative or hypothetical?** - Questions involving unphysical what ifs or imaginary situations requiring guesses and speculation are best for /r/AskScienceDiscussion. 

There are more restrictions on what kind of questions are suitable for /r/AskScience, the above are just some of the most common. While you wait, check out the forum 
[**Posting Guidelines**](https://www.reddit.com/r/askscience/wiki/quickstart/askingquestions) on asking questions as well as our [**User Help Page**](https://www.reddit.com/r/askscience/wiki/index#wiki_askscience_user_help_page). Please wait several hours before messaging us if there is an issue, moderator mail concerning recent submissions will be ignored.

___

*I am a bot, and this action was performed automatically. Please contact the* [*moderators of this subreddit*](http://www.reddit.com/message/compose?to=%2Fr%2FAskScience&amp;message=My%20Post:%20http://redd.it/5a8412) *if you have any questions or concerns.*",askscience
"Hi BoHanZ thank you for submitting to /r/Askscience.

**If your post is not flaired it will not be reviewed.**    Please add flair to your post. 
 
 Your post will be removed permanently if flair is not added within one hour. You can flair this post by replying to this message with  your  flair choice.  It must be an exact match to one of the following flair categories and contain no other text:

 'Computing', 'Economics', 'Human Body', 'Engineering', 'Planetary Sci.', 'Archaeology', 'Neuroscience', 'Biology', 'Chemistry', 'Medicine', 'Linguistics', 'Mathematics', 'Astronomy', 'Psychology', 'Paleontology', 'Political Science', 'Social Science', 'Earth Sciences', 'Anthropology', 'Physics'

 ___

 Your post is not yet visible on the forum and is awaiting review from the moderator team. Your question may be denied for the following reasons, 

 
* **Have you searched for your question on** [**AskScience**](https://www.reddit.com/r/askscience/search?q=What%20purposes%20do%20the%20active%20ingredients%20of%20cannabis%20serve%20for%20the%20plant%20itself%3F &sort=relevance&restrict_sr=on&t=all) **or on**  [**Google**](https://www.google.com/search?q=What%20purposes%20do%20the%20active%20ingredients%20of%20cannabis%20serve%20for%20the%20plant%20itself%3F)**?** - Common questions, or questions covered in the [**FAQ**](https://www.reddit.com/r/askscience/wiki/faq), will be rejected.
* **Are you asking for** [**medical advice**](http://redd.it/s4chc) **or does your post contain personal medical information?** - These questions, even innocuous ones should be between you and your doctor.
* **Is your post speculative or hypothetical?** - Questions involving unphysical what ifs or imaginary situations requiring guesses and speculation are best for /r/AskScienceDiscussion. 

There are more restrictions on what kind of questions are suitable for /r/AskScience, the above are just some of the most common. While you wait, check out the forum 
[**Posting Guidelines**](https://www.reddit.com/r/askscience/wiki/quickstart/askingquestions) on asking questions as well as our [**User Help Page**](https://www.reddit.com/r/askscience/wiki/index#wiki_askscience_user_help_page). Please wait several hours before messaging us if there is an issue, moderator mail concerning recent submissions will be ignored.

___

*I am a bot, and this action was performed automatically. Please contact the* [*moderators of this subreddit*](http://www.reddit.com/message/compose?to=%2Fr%2FAskScience&amp;message=My%20Post:%20http://redd.it/5e7mcb) *if you have any questions or concerns.*",askscience
"Hi phuhcue thank you for submitting to /r/Askscience.

**If your post is not flaired it will not be reviewed.**    Please add flair to your post. 
 
 Your post will be removed permanently if flair is not added within one hour. You can flair this post by replying to this message with  your  flair choice.  It must be an exact match to one of the following flair categories and contain no other text:

 'Computing', 'Economics', 'Human Body', 'Engineering', 'Planetary Sci.', 'Archaeology', 'Neuroscience', 'Biology', 'Chemistry', 'Medicine', 'Linguistics', 'Mathematics', 'Astronomy', 'Psychology', 'Paleontology', 'Political Science', 'Social Science', 'Earth Sciences', 'Anthropology', 'Physics'

 ___

 Your post is not yet visible on the forum and is awaiting review from the moderator team. Your question may be denied for the following reasons, 

 
* **Have you searched for your question on** [**AskScience**](https://www.reddit.com/r/askscience/search?q=How%20does%20cell%20replacement%20work%20in%20a%20transplanted%20limb%20is%20it%20the%20host%20or%20donor%20DNA%20or%20a%20combo%20of%20both%3F &sort=relevance&restrict_sr=on&t=all) **or on**  [**Google**](https://www.google.com/search?q=How%20does%20cell%20replacement%20work%20in%20a%20transplanted%20limb%20is%20it%20the%20host%20or%20donor%20DNA%20or%20a%20combo%20of%20both%3F)**?** - Common questions, or questions covered in the [**FAQ**](https://www.reddit.com/r/askscience/wiki/faq), will be rejected.
* **Are you asking for** [**medical advice**](http://redd.it/s4chc) **or does your post contain personal medical information?** - These questions, even innocuous ones should be between you and your doctor.
* **Is your post speculative or hypothetical?** - Questions involving unphysical what ifs or imaginary situations requiring guesses and speculation are best for /r/AskScienceDiscussion. 

There are more restrictions on what kind of questions are suitable for /r/AskScience, the above are just some of the most common. While you wait, check out the forum 
[**Posting Guidelines**](https://www.reddit.com/r/askscience/wiki/quickstart/askingquestions) on asking questions as well as our [**User Help Page**](https://www.reddit.com/r/askscience/wiki/index#wiki_askscience_user_help_page). Please wait several hours before messaging us if there is an issue, moderator mail concerning recent submissions will be ignored.

___

*I am a bot, and this action was performed automatically. Please contact the* [*moderators of this subreddit*](http://www.reddit.com/message/compose?to=%2Fr%2FAskScience&amp;message=My%20Post:%20http://redd.it/4jlpvv) *if you have any questions or concerns.*",askscience
"I agree with the subjectivity of the nightmares. When I was a child I had constant night terrors. One I still remember vividly to this day is being eaten alive by wolves while I laid there paralyzed and blind. I've had dreams where I have died and the dream continued while I laid there in the same state. I've had weird nightmares coming from low to the ground views out of monsters eyes as they ran up on me and mauled me. My brain definitely has a tendency of pushing it's limits when it comes to nightmares. The other side of this is I feel much less prone to these traumatic effects. These are just my experiences, soooo. ",askscience
"Hi uisig thank you for submitting to /r/Askscience.

**If your post is not flaired it will not be reviewed.**    Please add flair to your post. 
 
 Your post will be removed permanently if flair is not added within one hour. You can flair this post by replying to this message with  your  flair choice.  It must be an exact match to one of the following flair categories and contain no other text:

 'Computing', 'Economics', 'Human Body', 'Engineering', 'Planetary Sci.', 'Archaeology', 'Neuroscience', 'Biology', 'Chemistry', 'Medicine', 'Linguistics', 'Mathematics', 'Astronomy', 'Psychology', 'Paleontology', 'Political Science', 'Social Science', 'Earth Sciences', 'Anthropology', 'Physics'

 ___

 Your post is not yet visible on the forum and is awaiting review from the moderator team. Your question may be denied for the following reasons, 

 
* **Have you searched for your question on** [**AskScience**](https://www.reddit.com/r/askscience/search?q=Can%20a%20particular%20way%20of%20thinking%20change%20the%20way%20your%20cognition%20works%3F &sort=relevance&restrict_sr=on&t=all) **or on**  [**Google**](https://www.google.com/search?q=Can%20a%20particular%20way%20of%20thinking%20change%20the%20way%20your%20cognition%20works%3F)**?** - Common questions, or questions covered in the [**FAQ**](https://www.reddit.com/r/askscience/wiki/faq), will be rejected.
* **Are you asking for** [**medical advice**](http://redd.it/s4chc) **or does your post contain personal medical information?** - These questions, even innocuous ones should be between you and your doctor.
* **Is your post speculative or hypothetical?** - Questions involving unphysical what ifs or imaginary situations requiring guesses and speculation are best for /r/AskScienceDiscussion. 

There are more restrictions on what kind of questions are suitable for /r/AskScience, the above are just some of the most common. While you wait, check out the forum 
[**Posting Guidelines**](https://www.reddit.com/r/askscience/wiki/quickstart/askingquestions) on asking questions as well as our [**User Help Page**](https://www.reddit.com/r/askscience/wiki/index#wiki_askscience_user_help_page). Please wait several hours before messaging us if there is an issue, moderator mail concerning recent submissions will be ignored.

___

*I am a bot, and this action was performed automatically. Please contact the* [*moderators of this subreddit*](http://www.reddit.com/message/compose?to=%2Fr%2FAskScience&amp;message=My%20Post:%20http://redd.it/5k3s1s) *if you have any questions or concerns.*",askscience
"Hi hanoian thank you for submitting to /r/Askscience.

**If your post is not flaired it will not be reviewed.**    Please add flair to your post. 
 
 Your post will be removed permanently if flair is not added within one hour. You can flair this post by replying to this message with  your  flair choice.  It must be an exact match to one of the following flair categories and contain no other text:

 'Computing', 'Economics', 'Human Body', 'Engineering', 'Planetary Sci.', 'Archaeology', 'Neuroscience', 'Biology', 'Chemistry', 'Medicine', 'Linguistics', 'Mathematics', 'Astronomy', 'Psychology', 'Paleontology', 'Political Science', 'Social Science', 'Earth Sciences', 'Anthropology', 'Physics'

 ___

 Your post is not yet visible on the forum and is awaiting review from the moderator team. Your question may be denied for the following reasons, 

 
* **Have you searched for your question on** [**AskScience**](https://www.reddit.com/r/askscience/search?q=What%20would%20a%20100%20megaton%20Tsar%20Bomba%20look%20like%20if%20detonated%20on%20the%20moon%27s%20orbit%3F &sort=relevance&restrict_sr=on&t=all) **or on**  [**Google**](https://www.google.com/search?q=What%20would%20a%20100%20megaton%20Tsar%20Bomba%20look%20like%20if%20detonated%20on%20the%20moon%27s%20orbit%3F)**?** - Common questions, or questions covered in the [**FAQ**](https://www.reddit.com/r/askscience/wiki/faq), will be rejected.
* **Are you asking for** [**medical advice**](http://redd.it/s4chc) **or does your post contain personal medical information?** - These questions, even innocuous ones should be between you and your doctor.
* **Is your post speculative or hypothetical?** - Questions involving unphysical what ifs or imaginary situations requiring guesses and speculation are best for /r/AskScienceDiscussion. 

There are more restrictions on what kind of questions are suitable for /r/AskScience, the above are just some of the most common. While you wait, check out the forum 
[**Posting Guidelines**](https://www.reddit.com/r/askscience/wiki/quickstart/askingquestions) on asking questions as well as our [**User Help Page**](https://www.reddit.com/r/askscience/wiki/index#wiki_askscience_user_help_page). Please wait several hours before messaging us if there is an issue, moderator mail concerning recent submissions will be ignored.

___

*I am a bot, and this action was performed automatically. Please contact the* [*moderators of this subreddit*](http://www.reddit.com/message/compose?to=%2Fr%2FAskScience&amp;message=My%20Post:%20http://redd.it/5m4m2m) *if you have any questions or concerns.*",askscience
"Hi Echopractic thank you for submitting to /r/Askscience.

**If your post is not flaired it will not be reviewed.**    Please add flair to your post. 
 
 Your post will be removed permanently if flair is not added within one hour. You can flair this post by replying to this message with  your  flair choice.  It must be an exact match to one of the following flair categories and contain no other text:

 'Computing', 'Economics', 'Human Body', 'Engineering', 'Planetary Sci.', 'Archaeology', 'Neuroscience', 'Biology', 'Chemistry', 'Medicine', 'Linguistics', 'Mathematics', 'Astronomy', 'Psychology', 'Paleontology', 'Political Science', 'Social Science', 'Earth Sciences', 'Anthropology', 'Physics'

 ___

 Your post is not yet visible on the forum and is awaiting review from the moderator team. Your question may be denied for the following reasons, 

 
* **Have you searched for your question on** [**AskScience**](https://www.reddit.com/r/askscience/search?q=When%20does%20the%20air%20start%20to%20become%20%22thin%22%20%3F &sort=relevance&restrict_sr=on&t=all) **or on**  [**Google**](https://www.google.com/search?q=When%20does%20the%20air%20start%20to%20become%20%22thin%22%20%3F)**?** - Common questions, or questions covered in the [**FAQ**](https://www.reddit.com/r/askscience/wiki/faq), will be rejected.
* **Are you asking for** [**medical advice**](http://redd.it/s4chc) **or does your post contain personal medical information?** - These questions, even innocuous ones should be between you and your doctor.
* **Is your post speculative or hypothetical?** - Questions involving unphysical what ifs or imaginary situations requiring guesses and speculation are best for /r/AskScienceDiscussion. 

There are more restrictions on what kind of questions are suitable for /r/AskScience, the above are just some of the most common. While you wait, check out the forum 
[**Posting Guidelines**](https://www.reddit.com/r/askscience/wiki/quickstart/askingquestions) on asking questions as well as our [**User Help Page**](https://www.reddit.com/r/askscience/wiki/index#wiki_askscience_user_help_page). Please wait several hours before messaging us if there is an issue, moderator mail concerning recent submissions will be ignored.

___

*I am a bot, and this action was performed automatically. Please contact the* [*moderators of this subreddit*](http://www.reddit.com/message/compose?to=%2Fr%2FAskScience&amp;message=My%20Post:%20http://redd.it/5h28oc) *if you have any questions or concerns.*",askscience
"Hi TheKnightThatSaysNi thank you for submitting to /r/Askscience.

**If your post is not flaired it will not be reviewed.**    Please add flair to your post. 
 
 Your post will be removed permanently if flair is not added within one hour. You can flair this post by replying to this message with  your  flair choice.  It must be an exact match to one of the following flair categories and contain no other text:

 'Computing', 'Economics', 'Human Body', 'Engineering', 'Planetary Sci.', 'Archaeology', 'Neuroscience', 'Biology', 'Chemistry', 'Medicine', 'Linguistics', 'Mathematics', 'Astronomy', 'Psychology', 'Paleontology', 'Political Science', 'Social Science', 'Earth Sciences', 'Anthropology', 'Physics'

 ___

 Your post is not yet visible on the forum and is awaiting review from the moderator team. Your question may be denied for the following reasons, 

 
* **Have you searched for your question on** [**AskScience**](https://www.reddit.com/r/askscience/search?q=Not%20sure%20if%20this%20is%20the%20right%20place%20to%20ask%2C%20but%20what%20are%20the%20chances%20of%20there%20to%20be%20a%20day%20where%20no%20one%20has%20a%20birthday%3F &sort=relevance&restrict_sr=on&t=all) **or on**  [**Google**](https://www.google.com/search?q=Not%20sure%20if%20this%20is%20the%20right%20place%20to%20ask%2C%20but%20what%20are%20the%20chances%20of%20there%20to%20be%20a%20day%20where%20no%20one%20has%20a%20birthday%3F)**?** - Common questions, or questions covered in the [**FAQ**](https://www.reddit.com/r/askscience/wiki/faq), will be rejected.
* **Are you asking for** [**medical advice**](http://redd.it/s4chc) **or does your post contain personal medical information?** - These questions, even innocuous ones should be between you and your doctor.
* **Is your post speculative or hypothetical?** - Questions involving unphysical what ifs or imaginary situations requiring guesses and speculation are best for /r/AskScienceDiscussion. 

There are more restrictions on what kind of questions are suitable for /r/AskScience, the above are just some of the most common. While you wait, check out the forum 
[**Posting Guidelines**](https://www.reddit.com/r/askscience/wiki/quickstart/askingquestions) on asking questions as well as our [**User Help Page**](https://www.reddit.com/r/askscience/wiki/index#wiki_askscience_user_help_page). Please wait several hours before messaging us if there is an issue, moderator mail concerning recent submissions will be ignored.

___

*I am a bot, and this action was performed automatically. Please contact the* [*moderators of this subreddit*](http://www.reddit.com/message/compose?to=%2Fr%2FAskScience&amp;message=My%20Post:%20http://redd.it/4z7fws) *if you have any questions or concerns.*",askscience
What do you have to say about the reproductive behaviors of BLM?,askscience
"Hi Gondi63 thank you for submitting to /r/Askscience.

**If your post is not flaired it will not be reviewed.**    Please add flair to your post. 
 
 Your post will be removed permanently if flair is not added within one hour. You can flair this post by replying to this message with  your  flair choice.  It must be an exact match to one of the following flair categories and contain no other text:

 'Computing', 'Economics', 'Human Body', 'Engineering', 'Planetary Sci.', 'Archaeology', 'Neuroscience', 'Biology', 'Chemistry', 'Medicine', 'Linguistics', 'Mathematics', 'Astronomy', 'Psychology', 'Paleontology', 'Political Science', 'Social Science', 'Earth Sciences', 'Anthropology', 'Physics'

 ___

 Your post is not yet visible on the forum and is awaiting review from the moderator team. Your question may be denied for the following reasons, 

 
* **Have you searched for your question on** [**AskScience**](https://www.reddit.com/r/askscience/search?q=More%20efficient%20to%20gain%20or%20lose%20weight%3F%20%28biochem%20process%29 &sort=relevance&restrict_sr=on&t=all) **or on**  [**Google**](https://www.google.com/search?q=More%20efficient%20to%20gain%20or%20lose%20weight%3F%20%28biochem%20process%29)**?** - Common questions, or questions covered in the [**FAQ**](https://www.reddit.com/r/askscience/wiki/faq), will be rejected.
* **Are you asking for** [**medical advice**](http://redd.it/s4chc) **or does your post contain personal medical information?** - These questions, even innocuous ones should be between you and your doctor.
* **Is your post speculative or hypothetical?** - Questions involving unphysical what ifs or imaginary situations requiring guesses and speculation are best for /r/AskScienceDiscussion. 

There are more restrictions on what kind of questions are suitable for /r/AskScience, the above are just some of the most common. While you wait, check out the forum 
[**Posting Guidelines**](https://www.reddit.com/r/askscience/wiki/quickstart/askingquestions) on asking questions as well as our [**User Help Page**](https://www.reddit.com/r/askscience/wiki/index#wiki_askscience_user_help_page). Please wait several hours before messaging us if there is an issue, moderator mail concerning recent submissions will be ignored.

___

*I am a bot, and this action was performed automatically. Please contact the* [*moderators of this subreddit*](http://www.reddit.com/message/compose?to=%2Fr%2FAskScience&amp;message=My%20Post:%20http://redd.it/5evmi4) *if you have any questions or concerns.*",askscience
"Hi Markrafter9 thank you for submitting to /r/Askscience.

**If your post is not flaired it will not be reviewed.**    Please add flair to your post. 
 
 Your post will be removed permanently if flair is not added within one hour. You can flair this post by replying to this message with  your  flair choice.  It must be an exact match to one of the following flair categories and contain no other text:

 'Computing', 'Economics', 'Human Body', 'Engineering', 'Planetary Sci.', 'Archaeology', 'Neuroscience', 'Biology', 'Chemistry', 'Medicine', 'Linguistics', 'Mathematics', 'Astronomy', 'Psychology', 'Paleontology', 'Political Science', 'Social Science', 'Earth Sciences', 'Anthropology', 'Physics'

 ___

 Your post is not yet visible on the forum and is awaiting review from the moderator team. Your question may be denied for the following reasons, 

 
* **Have you searched for your question on** [**AskScience**](https://www.reddit.com/r/askscience/search?q=What%20scientific%20advancements%20have%20been%20made%20in%20time%20manipulation%3F &sort=relevance&restrict_sr=on&t=all) **or on**  [**Google**](https://www.google.com/search?q=What%20scientific%20advancements%20have%20been%20made%20in%20time%20manipulation%3F)**?** - Common questions, or questions covered in the [**FAQ**](https://www.reddit.com/r/askscience/wiki/faq), will be rejected.
* **Are you asking for** [**medical advice**](http://redd.it/s4chc) **or does your post contain personal medical information?** - These questions, even innocuous ones should be between you and your doctor.
* **Is your post speculative or hypothetical?** - Questions involving unphysical what ifs or imaginary situations requiring guesses and speculation are best for /r/AskScienceDiscussion. 

There are more restrictions on what kind of questions are suitable for /r/AskScience, the above are just some of the most common. While you wait, check out the forum 
[**Posting Guidelines**](https://www.reddit.com/r/askscience/wiki/quickstart/askingquestions) on asking questions as well as our [**User Help Page**](https://www.reddit.com/r/askscience/wiki/index#wiki_askscience_user_help_page). Please wait several hours before messaging us if there is an issue, moderator mail concerning recent submissions will be ignored.

___

*I am a bot, and this action was performed automatically. Please contact the* [*moderators of this subreddit*](http://www.reddit.com/message/compose?to=%2Fr%2FAskScience&amp;message=My%20Post:%20http://redd.it/5ftrjd) *if you have any questions or concerns.*",askscience
"Hi lemasterrace thank you for submitting to /r/Askscience.

**If your post is not flaired it will not be reviewed.**    Please add flair to your post. 
 
 Your post will be removed permanently if flair is not added within one hour. You can flair this post by replying to this message with  your  flair choice.  It must be an exact match to one of the following flair categories and contain no other text:

 'Computing', 'Economics', 'Human Body', 'Engineering', 'Planetary Sci.', 'Archaeology', 'Neuroscience', 'Biology', 'Chemistry', 'Medicine', 'Linguistics', 'Mathematics', 'Astronomy', 'Psychology', 'Paleontology', 'Political Science', 'Social Science', 'Earth Sciences', 'Anthropology', 'Physics'

 ___

 Your post is not yet visible on the forum and is awaiting review from the moderator team. Your question may be denied for the following reasons, 

 
* **Have you searched for your question on** [**AskScience**](https://www.reddit.com/r/askscience/search?q=Why%20doesn%27t%20light%20interact%20with%20magnets%20if%20it%27s%20a%20electromagnetic%20wave%3F &sort=relevance&restrict_sr=on&t=all) **or on**  [**Google**](https://www.google.com/search?q=Why%20doesn%27t%20light%20interact%20with%20magnets%20if%20it%27s%20a%20electromagnetic%20wave%3F)**?** - Common questions, or questions covered in the [**FAQ**](https://www.reddit.com/r/askscience/wiki/faq), will be rejected.
* **Are you asking for** [**medical advice**](http://redd.it/s4chc) **or does your post contain personal medical information?** - These questions, even innocuous ones should be between you and your doctor.
* **Is your post speculative or hypothetical?** - Questions involving unphysical what ifs or imaginary situations requiring guesses and speculation are best for /r/AskScienceDiscussion. 

There are more restrictions on what kind of questions are suitable for /r/AskScience, the above are just some of the most common. While you wait, check out the forum 
[**Posting Guidelines**](https://www.reddit.com/r/askscience/wiki/quickstart/askingquestions) on asking questions as well as our [**User Help Page**](https://www.reddit.com/r/askscience/wiki/index#wiki_askscience_user_help_page). Please wait several hours before messaging us if there is an issue, moderator mail concerning recent submissions will be ignored.

___

*I am a bot, and this action was performed automatically. Please contact the* [*moderators of this subreddit*](http://www.reddit.com/message/compose?to=%2Fr%2FAskScience&amp;message=My%20Post:%20http://redd.it/53c3co) *if you have any questions or concerns.*",askscience
"Hi nowyouseemenowyoudo2 thank you for submitting to /r/Askscience.

**If your post is not flaired it will not be reviewed.**    Please add flair to your post. 
 
 Your post will be removed permanently if flair is not added within one hour. You can flair this post by replying to this message with  your  flair choice.  It must be an exact match to one of the following flair categories and contain no other text:

 'Computing', 'Economics', 'Human Body', 'Engineering', 'Planetary Sci.', 'Archaeology', 'Neuroscience', 'Biology', 'Chemistry', 'Medicine', 'Linguistics', 'Mathematics', 'Astronomy', 'Psychology', 'Paleontology', 'Political Science', 'Social Science', 'Earth Sciences', 'Anthropology', 'Physics'

 ___

 Your post is not yet visible on the forum and is awaiting review from the moderator team. Your question may be denied for the following reasons, 

 
* **Have you searched for your question on** [**AskScience**](https://www.reddit.com/r/askscience/search?q=What%20is%20the%20most%20accurate%20way%20of%20determining%20the%20age%20of%20a%20person%3F &sort=relevance&restrict_sr=on&t=all) **or on**  [**Google**](https://www.google.com/search?q=What%20is%20the%20most%20accurate%20way%20of%20determining%20the%20age%20of%20a%20person%3F)**?** - Common questions, or questions covered in the [**FAQ**](https://www.reddit.com/r/askscience/wiki/faq), will be rejected.
* **Are you asking for** [**medical advice**](http://redd.it/s4chc) **or does your post contain personal medical information?** - These questions, even innocuous ones should be between you and your doctor.
* **Is your post speculative or hypothetical?** - Questions involving unphysical what ifs or imaginary situations requiring guesses and speculation are best for /r/AskScienceDiscussion. 

There are more restrictions on what kind of questions are suitable for /r/AskScience, the above are just some of the most common. While you wait, check out the forum 
[**Posting Guidelines**](https://www.reddit.com/r/askscience/wiki/quickstart/askingquestions) on asking questions as well as our [**User Help Page**](https://www.reddit.com/r/askscience/wiki/index#wiki_askscience_user_help_page). Please wait several hours before messaging us if there is an issue, moderator mail concerning recent submissions will be ignored.

___

*I am a bot, and this action was performed automatically. Please contact the* [*moderators of this subreddit*](http://www.reddit.com/message/compose?to=%2Fr%2FAskScience&amp;message=My%20Post:%20http://redd.it/58818d) *if you have any questions or concerns.*",askscience
"Hi Disco_Frisco thank you for submitting to /r/Askscience.

**If your post is not flaired it will not be reviewed.**    Please add flair to your post. 
 
 Your post will be removed permanently if flair is not added within one hour. You can flair this post by replying to this message with  your  flair choice.  It must be an exact match to one of the following flair categories and contain no other text:

 'Computing', 'Economics', 'Human Body', 'Engineering', 'Planetary Sci.', 'Archaeology', 'Neuroscience', 'Biology', 'Chemistry', 'Medicine', 'Linguistics', 'Mathematics', 'Astronomy', 'Psychology', 'Paleontology', 'Political Science', 'Social Science', 'Earth Sciences', 'Anthropology', 'Physics'

 ___

 Your post is not yet visible on the forum and is awaiting review from the moderator team. Your question may be denied for the following reasons, 

 
* **Have you searched for your question on** [**AskScience**](https://www.reddit.com/r/askscience/search?q=If%20there%20were%20nothing%20before%20the%20big%20bang%2C%20could%20it%20mean%20that%20there%20were%20no%20physical%20laws%20that%20prevent%20any%20random%20event%20%28big%20bang%20in%20our%20case%29%20to%20occur%3F &sort=relevance&restrict_sr=on&t=all) **or on**  [**Google**](https://www.google.com/search?q=If%20there%20were%20nothing%20before%20the%20big%20bang%2C%20could%20it%20mean%20that%20there%20were%20no%20physical%20laws%20that%20prevent%20any%20random%20event%20%28big%20bang%20in%20our%20case%29%20to%20occur%3F)**?** - Common questions, or questions covered in the [**FAQ**](https://www.reddit.com/r/askscience/wiki/faq), will be rejected.
* **Are you asking for** [**medical advice**](http://redd.it/s4chc) **or does your post contain personal medical information?** - These questions, even innocuous ones should be between you and your doctor.
* **Is your post speculative or hypothetical?** - Questions involving unphysical what ifs or imaginary situations requiring guesses and speculation are best for /r/AskScienceDiscussion. 

There are more restrictions on what kind of questions are suitable for /r/AskScience, the above are just some of the most common. While you wait, check out the forum 
[**Posting Guidelines**](https://www.reddit.com/r/askscience/wiki/quickstart/askingquestions) on asking questions as well as our [**User Help Page**](https://www.reddit.com/r/askscience/wiki/index#wiki_askscience_user_help_page). Please wait several hours before messaging us if there is an issue, moderator mail concerning recent submissions will be ignored.

___

*I am a bot, and this action was performed automatically. Please contact the* [*moderators of this subreddit*](http://www.reddit.com/message/compose?to=%2Fr%2FAskScience&amp;message=My%20Post:%20http://redd.it/5fchkg) *if you have any questions or concerns.*",askscience
Centrifugal force is a fake concept that people use instead of inertia. Your inertia wants to continue moving outwards while something (like gravity) pulls you in an arc. What many people don't know is that there is a name for the force felt while rotating called Centripetal force. ,askscience
"Hi Donasaur_ thank you for submitting to /r/Askscience.

**If your post is not flaired it will not be reviewed.**    Please add flair to your post. 
 
 Your post will be removed permanently if flair is not added within one hour. You can flair this post by replying to this message with  your  flair choice.  It must be an exact match to one of the following flair categories and contain no other text:

 'Computing', 'Economics', 'Human Body', 'Engineering', 'Planetary Sci.', 'Archaeology', 'Neuroscience', 'Biology', 'Chemistry', 'Medicine', 'Linguistics', 'Mathematics', 'Astronomy', 'Psychology', 'Paleontology', 'Political Science', 'Social Science', 'Earth Sciences', 'Anthropology', 'Physics'

 ___

 Your post is not yet visible on the forum and is awaiting review from the moderator team. Your question may be denied for the following reasons, 

 
* **Have you searched for your question on** [**AskScience**](https://www.reddit.com/r/askscience/search?q=Does%20the%20speed%20of%20a%20man%27s%20ejaculate%20have%20any%20bearing%20on%20the%20probability%20of%20successful%20conception%3F &sort=relevance&restrict_sr=on&t=all) **or on**  [**Google**](https://www.google.com/search?q=Does%20the%20speed%20of%20a%20man%27s%20ejaculate%20have%20any%20bearing%20on%20the%20probability%20of%20successful%20conception%3F)**?** - Common questions, or questions covered in the [**FAQ**](https://www.reddit.com/r/askscience/wiki/faq), will be rejected.
* **Are you asking for** [**medical advice**](http://redd.it/s4chc) **or does your post contain personal medical information?** - These questions, even innocuous ones should be between you and your doctor.
* **Is your post speculative or hypothetical?** - Questions involving unphysical what ifs or imaginary situations requiring guesses and speculation are best for /r/AskScienceDiscussion. 

There are more restrictions on what kind of questions are suitable for /r/AskScience, the above are just some of the most common. While you wait, check out the forum 
[**Posting Guidelines**](https://www.reddit.com/r/askscience/wiki/quickstart/askingquestions) on asking questions as well as our [**User Help Page**](https://www.reddit.com/r/askscience/wiki/index#wiki_askscience_user_help_page). Please wait several hours before messaging us if there is an issue, moderator mail concerning recent submissions will be ignored.

___

*I am a bot, and this action was performed automatically. Please contact the* [*moderators of this subreddit*](http://www.reddit.com/message/compose?to=%2Fr%2FAskScience&amp;message=My%20Post:%20http://redd.it/5j4m11) *if you have any questions or concerns.*",askscience
"Hey does my dog only throw up on my shoes? He just walks up to me and pukes on my shoes then walks away, never for anyone else, and he isn't sick. Other than that I am the main person in my family who playes with him",askscience
"My wife [33] and I [33] are going to try for a baby in the next year or two.  Given the general fear surrounding autism and other spectrum disorders I am surprised there is not a concrete set of answers on X, Y and Z risk factors.  There are lots of genetic disorders that can be tested for while the fetus is in the womb, and many other environmental things I can control.  I saw a headline in the last few months suggesting that if the father is over 40, there is a higher likelihood of the child developing a spectrum disorder, but it was not a very strong correlation if I recall.

**Does anyone have any good links on what is actually known about causes of autism?**

**Are there any good longitudinal studies underway with promising results?**",askscience
"Hi Throwaway_whendone thank you for submitting to /r/Askscience.

**If your post is not flaired it will not be reviewed.**    Please add flair to your post. 
 
 Your post will be removed permanently if flair is not added within one hour. You can flair this post by replying to this message with  your  flair choice.  It must be an exact match to one of the following flair categories and contain no other text:

 'Computing', 'Economics', 'Human Body', 'Engineering', 'Planetary Sci.', 'Archaeology', 'Neuroscience', 'Biology', 'Chemistry', 'Medicine', 'Linguistics', 'Mathematics', 'Astronomy', 'Psychology', 'Paleontology', 'Political Science', 'Social Science', 'Earth Sciences', 'Anthropology', 'Physics'

 ___

 Your post is not yet visible on the forum and is awaiting review from the moderator team. Your question may be denied for the following reasons, 

 
* **Have you searched for your question on** [**AskScience**](https://www.reddit.com/r/askscience/search?q=If%20a%20spaceship%20was%20able%20to%20travel%20at%20the%20speed%20of%20light%20in%20open%20space%20would%20it%20be%20able%20to%20turn%20and%20maintain%20that%20speed%3F &sort=relevance&restrict_sr=on&t=all) **or on**  [**Google**](https://www.google.com/search?q=If%20a%20spaceship%20was%20able%20to%20travel%20at%20the%20speed%20of%20light%20in%20open%20space%20would%20it%20be%20able%20to%20turn%20and%20maintain%20that%20speed%3F)**?** - Common questions, or questions covered in the [**FAQ**](https://www.reddit.com/r/askscience/wiki/faq), will be rejected.
* **Are you asking for** [**medical advice**](http://redd.it/s4chc) **or does your post contain personal medical information?** - These questions, even innocuous ones should be between you and your doctor.
* **Is your post speculative or hypothetical?** - Questions involving unphysical what ifs or imaginary situations requiring guesses and speculation are best for /r/AskScienceDiscussion. 

There are more restrictions on what kind of questions are suitable for /r/AskScience, the above are just some of the most common. While you wait, check out the forum 
[**Posting Guidelines**](https://www.reddit.com/r/askscience/wiki/quickstart/askingquestions) on asking questions as well as our [**User Help Page**](https://www.reddit.com/r/askscience/wiki/index#wiki_askscience_user_help_page). Please wait several hours before messaging us if there is an issue, moderator mail concerning recent submissions will be ignored.

___

*I am a bot, and this action was performed automatically. Please contact the* [*moderators of this subreddit*](http://www.reddit.com/message/compose?to=%2Fr%2FAskScience&amp;message=My%20Post:%20http://redd.it/4zf9yr) *if you have any questions or concerns.*",askscience
"Hi BunsenGyro thank you for submitting to /r/Askscience.

**If your post is not flaired it will not be reviewed.**    Please add flair to your post. 
 
 Your post will be removed permanently if flair is not added within one hour. You can flair this post by replying to this message with  your  flair choice.  It must be an exact match to one of the following flair categories and contain no other text:

 'Computing', 'Economics', 'Human Body', 'Engineering', 'Planetary Sci.', 'Archaeology', 'Neuroscience', 'Biology', 'Chemistry', 'Medicine', 'Linguistics', 'Mathematics', 'Astronomy', 'Psychology', 'Paleontology', 'Political Science', 'Social Science', 'Earth Sciences', 'Anthropology', 'Physics'

 ___

 Your post is not yet visible on the forum and is awaiting review from the moderator team. Your question may be denied for the following reasons, 

 
* **Have you searched for your question on** [**AskScience**](https://www.reddit.com/r/askscience/search?q=Why%20Does%20Galactose%20have%20Such%20an%20Awesome%20Name%3F &sort=relevance&restrict_sr=on&t=all) **or on**  [**Google**](https://www.google.com/search?q=Why%20Does%20Galactose%20have%20Such%20an%20Awesome%20Name%3F)**?** - Common questions, or questions covered in the [**FAQ**](https://www.reddit.com/r/askscience/wiki/faq), will be rejected.
* **Are you asking for** [**medical advice**](http://redd.it/s4chc) **or does your post contain personal medical information?** - These questions, even innocuous ones should be between you and your doctor.
* **Is your post speculative or hypothetical?** - Questions involving unphysical what ifs or imaginary situations requiring guesses and speculation are best for /r/AskScienceDiscussion. 

There are more restrictions on what kind of questions are suitable for /r/AskScience, the above are just some of the most common. While you wait, check out the forum 
[**Posting Guidelines**](https://www.reddit.com/r/askscience/wiki/quickstart/askingquestions) on asking questions as well as our [**User Help Page**](https://www.reddit.com/r/askscience/wiki/index#wiki_askscience_user_help_page). Please wait several hours before messaging us if there is an issue, moderator mail concerning recent submissions will be ignored.

___

*I am a bot, and this action was performed automatically. Please contact the* [*moderators of this subreddit*](http://www.reddit.com/message/compose?to=%2Fr%2FAskScience&amp;message=My%20Post:%20http://redd.it/55iwj0) *if you have any questions or concerns.*",askscience
Will this fuckshit up?,askscience
"Hi Not_an-expert thank you for submitting to /r/Askscience.

**If your post is not flaired it will not be reviewed.**    Please add flair to your post. 
 
 Your post will be removed permanently if flair is not added within one hour. You can flair this post by replying to this message with  your  flair choice.  It must be an exact match to one of the following flair categories and contain no other text:

 'Computing', 'Economics', 'Human Body', 'Engineering', 'Planetary Sci.', 'Archaeology', 'Neuroscience', 'Biology', 'Chemistry', 'Medicine', 'Linguistics', 'Mathematics', 'Astronomy', 'Psychology', 'Paleontology', 'Political Science', 'Social Science', 'Earth Sciences', 'Anthropology', 'Physics'

 ___

 Your post is not yet visible on the forum and is awaiting review from the moderator team. Your question may be denied for the following reasons, 

 
* **Have you searched for your question on** [**AskScience**](https://www.reddit.com/r/askscience/search?q=Cognitive%20function%20with%20chronic%20low%20O2%20sats%3F &sort=relevance&restrict_sr=on&t=all) **or on**  [**Google**](https://www.google.com/search?q=Cognitive%20function%20with%20chronic%20low%20O2%20sats%3F)**?** - Common questions, or questions covered in the [**FAQ**](https://www.reddit.com/r/askscience/wiki/faq), will be rejected.
* **Are you asking for** [**medical advice**](http://redd.it/s4chc) **or does your post contain personal medical information?** - These questions, even innocuous ones should be between you and your doctor.
* **Is your post speculative or hypothetical?** - Questions involving unphysical what ifs or imaginary situations requiring guesses and speculation are best for /r/AskScienceDiscussion. 

There are more restrictions on what kind of questions are suitable for /r/AskScience, the above are just some of the most common. While you wait, check out the forum 
[**Posting Guidelines**](https://www.reddit.com/r/askscience/wiki/quickstart/askingquestions) on asking questions as well as our [**User Help Page**](https://www.reddit.com/r/askscience/wiki/index#wiki_askscience_user_help_page). Please wait several hours before messaging us if there is an issue, moderator mail concerning recent submissions will be ignored.

___

*I am a bot, and this action was performed automatically. Please contact the* [*moderators of this subreddit*](http://www.reddit.com/message/compose?to=%2Fr%2FAskScience&amp;message=My%20Post:%20http://redd.it/5rgymq) *if you have any questions or concerns.*",askscience
There's still a hole in the ozone layer. But it's stable now and not growing bigger. ,askscience
"Hi Meekswel thank you for submitting to /r/Askscience.

**If your post is not flaired it will not be reviewed.**    Please add flair to your post. 
 
 Your post will be removed permanently if flair is not added within one hour. You can flair this post by replying to this message with  your  flair choice.  It must be an exact match to one of the following flair categories and contain no other text:

 'Computing', 'Economics', 'Human Body', 'Engineering', 'Planetary Sci.', 'Archaeology', 'Neuroscience', 'Biology', 'Chemistry', 'Medicine', 'Linguistics', 'Mathematics', 'Astronomy', 'Psychology', 'Paleontology', 'Political Science', 'Social Science', 'Earth Sciences', 'Anthropology', 'Physics'

 ___

 Your post is not yet visible on the forum and is awaiting review from the moderator team. Your question may be denied for the following reasons, 

 
* **Have you searched for your question on** [**AskScience**](https://www.reddit.com/r/askscience/search?q=Can%20we%20accurately%20calculate%20the%20rate%20at%20which%20heat%20will%20travel%20through%20an%20object%3F%20How%20do%20we%20do%20that%3F &sort=relevance&restrict_sr=on&t=all) **or on**  [**Google**](https://www.google.com/search?q=Can%20we%20accurately%20calculate%20the%20rate%20at%20which%20heat%20will%20travel%20through%20an%20object%3F%20How%20do%20we%20do%20that%3F)**?** - Common questions, or questions covered in the [**FAQ**](https://www.reddit.com/r/askscience/wiki/faq), will be rejected.
* **Are you asking for** [**medical advice**](http://redd.it/s4chc) **or does your post contain personal medical information?** - These questions, even innocuous ones should be between you and your doctor.
* **Is your post speculative or hypothetical?** - Questions involving unphysical what ifs or imaginary situations requiring guesses and speculation are best for /r/AskScienceDiscussion. 

There are more restrictions on what kind of questions are suitable for /r/AskScience, the above are just some of the most common. While you wait, check out the forum 
[**Posting Guidelines**](https://www.reddit.com/r/askscience/wiki/quickstart/askingquestions) on asking questions as well as our [**User Help Page**](https://www.reddit.com/r/askscience/wiki/index#wiki_askscience_user_help_page). Please wait several hours before messaging us if there is an issue, moderator mail concerning recent submissions will be ignored.

___

*I am a bot, and this action was performed automatically. Please contact the* [*moderators of this subreddit*](http://www.reddit.com/message/compose?to=%2Fr%2FAskScience&amp;message=My%20Post:%20http://redd.it/58ez2j) *if you have any questions or concerns.*",askscience
"Hi 42and35 thank you for submitting to /r/Askscience.

**If your post is not flaired it will not be reviewed.**    Please add flair to your post. 
 
 Your post will be removed permanently if flair is not added within one hour. You can flair this post by replying to this message with  your  flair choice.  It must be an exact match to one of the following flair categories and contain no other text:

 'Computing', 'Economics', 'Human Body', 'Engineering', 'Planetary Sci.', 'Archaeology', 'Neuroscience', 'Biology', 'Chemistry', 'Medicine', 'Linguistics', 'Mathematics', 'Astronomy', 'Psychology', 'Paleontology', 'Political Science', 'Social Science', 'Earth Sciences', 'Anthropology', 'Physics'

 ___

 Your post is not yet visible on the forum and is awaiting review from the moderator team. Your question may be denied for the following reasons, 

 
* **Have you searched for your question on** [**AskScience**](https://www.reddit.com/r/askscience/search?q=Is%20there%20any%20merit%20to%20the%20assertion%20that%20women%20tend%20to%20seek%20out%20jobs%20in%20elementary%20education%20due%20to%20gender-related%20biological%20factors%3F%20Any%20journal%20articles%20on%20the%20subject%3F &sort=relevance&restrict_sr=on&t=all) **or on**  [**Google**](https://www.google.com/search?q=Is%20there%20any%20merit%20to%20the%20assertion%20that%20women%20tend%20to%20seek%20out%20jobs%20in%20elementary%20education%20due%20to%20gender-related%20biological%20factors%3F%20Any%20journal%20articles%20on%20the%20subject%3F)**?** - Common questions, or questions covered in the [**FAQ**](https://www.reddit.com/r/askscience/wiki/faq), will be rejected.
* **Are you asking for** [**medical advice**](http://redd.it/s4chc) **or does your post contain personal medical information?** - These questions, even innocuous ones should be between you and your doctor.
* **Is your post speculative or hypothetical?** - Questions involving unphysical what ifs or imaginary situations requiring guesses and speculation are best for /r/AskScienceDiscussion. 

There are more restrictions on what kind of questions are suitable for /r/AskScience, the above are just some of the most common. While you wait, check out the forum 
[**Posting Guidelines**](https://www.reddit.com/r/askscience/wiki/quickstart/askingquestions) on asking questions as well as our [**User Help Page**](https://www.reddit.com/r/askscience/wiki/index#wiki_askscience_user_help_page). Please wait several hours before messaging us if there is an issue, moderator mail concerning recent submissions will be ignored.

___

*I am a bot, and this action was performed automatically. Please contact the* [*moderators of this subreddit*](http://www.reddit.com/message/compose?to=%2Fr%2FAskScience&amp;message=My%20Post:%20http://redd.it/5n2le1) *if you have any questions or concerns.*",askscience
"Hi dieb4udie thank you for submitting to /r/Askscience.

**If your post is not flaired it will not be reviewed.**    Please add flair to your post. 
 
 Your post will be removed permanently if flair is not added within one hour. You can flair this post by replying to this message with  your  flair choice.  It must be an exact match to one of the following flair categories and contain no other text:

 'Computing', 'Economics', 'Human Body', 'Engineering', 'Planetary Sci.', 'Archaeology', 'Neuroscience', 'Biology', 'Chemistry', 'Medicine', 'Linguistics', 'Mathematics', 'Astronomy', 'Psychology', 'Paleontology', 'Political Science', 'Social Science', 'Earth Sciences', 'Anthropology', 'Physics'

 ___

 Your post is not yet visible on the forum and is awaiting review from the moderator team. Your question may be denied for the following reasons, 

 
* **Have you searched for your question on** [**AskScience**](https://www.reddit.com/r/askscience/search?q=When%20a%20country%20like%20Venezuela%2C%20in%20its%20current%20instability%2C%20reports%20125k%20cars%20of%20malaria%2C%20is%20there%20some%20sort%20of%20formula%20or%20algorithm%20to%20calculate%20how%20many%20more%20actual%20cases%20exist%20that%20are%20yet%20confirmed%3F &sort=relevance&restrict_sr=on&t=all) **or on**  [**Google**](https://www.google.com/search?q=When%20a%20country%20like%20Venezuela%2C%20in%20its%20current%20instability%2C%20reports%20125k%20cars%20of%20malaria%2C%20is%20there%20some%20sort%20of%20formula%20or%20algorithm%20to%20calculate%20how%20many%20more%20actual%20cases%20exist%20that%20are%20yet%20confirmed%3F)**?** - Common questions, or questions covered in the [**FAQ**](https://www.reddit.com/r/askscience/wiki/faq), will be rejected.
* **Are you asking for** [**medical advice**](http://redd.it/s4chc) **or does your post contain personal medical information?** - These questions, even innocuous ones should be between you and your doctor.
* **Is your post speculative or hypothetical?** - Questions involving unphysical what ifs or imaginary situations requiring guesses and speculation are best for /r/AskScienceDiscussion. 

There are more restrictions on what kind of questions are suitable for /r/AskScience, the above are just some of the most common. While you wait, check out the forum 
[**Posting Guidelines**](https://www.reddit.com/r/askscience/wiki/quickstart/askingquestions) on asking questions as well as our [**User Help Page**](https://www.reddit.com/r/askscience/wiki/index#wiki_askscience_user_help_page). Please wait several hours before messaging us if there is an issue, moderator mail concerning recent submissions will be ignored.

___

*I am a bot, and this action was performed automatically. Please contact the* [*moderators of this subreddit*](http://www.reddit.com/message/compose?to=%2Fr%2FAskScience&amp;message=My%20Post:%20http://redd.it/4xwuk5) *if you have any questions or concerns.*",askscience
"Hi Jewsdid9--11 thank you for submitting to /r/Askscience.

**If your post is not flaired it will not be reviewed.**    Please add flair to your post. 
 
 Your post will be removed permanently if flair is not added within one hour. You can flair this post by replying to this message with  your  flair choice.  It must be an exact match to one of the following flair categories and contain no other text:

 'Computing', 'Economics', 'Human Body', 'Engineering', 'Planetary Sci.', 'Archaeology', 'Neuroscience', 'Biology', 'Chemistry', 'Medicine', 'Linguistics', 'Mathematics', 'Astronomy', 'Psychology', 'Paleontology', 'Political Science', 'Social Science', 'Earth Sciences', 'Anthropology', 'Physics'

 ___

 Your post is not yet visible on the forum and is awaiting review from the moderator team. Your question may be denied for the following reasons, 

 
* **Have you searched for your question on** [**AskScience**](https://www.reddit.com/r/askscience/search?q=If%20you%20encased%20water%20in%20steel%20and%20put%20it%20in%20the%20freezer%2C%20would%20the%20water%20not%20freeze%3F &sort=relevance&restrict_sr=on&t=all) **or on**  [**Google**](https://www.google.com/search?q=If%20you%20encased%20water%20in%20steel%20and%20put%20it%20in%20the%20freezer%2C%20would%20the%20water%20not%20freeze%3F)**?** - Common questions, or questions covered in the [**FAQ**](https://www.reddit.com/r/askscience/wiki/faq), will be rejected.
* **Are you asking for** [**medical advice**](http://redd.it/s4chc) **or does your post contain personal medical information?** - These questions, even innocuous ones should be between you and your doctor.
* **Is your post speculative or hypothetical?** - Questions involving unphysical what ifs or imaginary situations requiring guesses and speculation are best for /r/AskScienceDiscussion. 

There are more restrictions on what kind of questions are suitable for /r/AskScience, the above are just some of the most common. While you wait, check out the forum 
[**Posting Guidelines**](https://www.reddit.com/r/askscience/wiki/quickstart/askingquestions) on asking questions as well as our [**User Help Page**](https://www.reddit.com/r/askscience/wiki/index#wiki_askscience_user_help_page). Please wait several hours before messaging us if there is an issue, moderator mail concerning recent submissions will be ignored.

___

*I am a bot, and this action was performed automatically. Please contact the* [*moderators of this subreddit*](http://www.reddit.com/message/compose?to=%2Fr%2FAskScience&amp;message=My%20Post:%20http://redd.it/4r3uxq) *if you have any questions or concerns.*",askscience
"Hi Robestos86 thank you for submitting to /r/Askscience.

**If your post is not flaired it will not be reviewed.**    Please add flair to your post. 
 
 Your post will be removed permanently if flair is not added within one hour. You can flair this post by replying to this message with  your  flair choice.  It must be an exact match to one of the following flair categories and contain no other text:

 'Computing', 'Economics', 'Human Body', 'Engineering', 'Planetary Sci.', 'Archaeology', 'Neuroscience', 'Biology', 'Chemistry', 'Medicine', 'Linguistics', 'Mathematics', 'Astronomy', 'Psychology', 'Paleontology', 'Political Science', 'Social Science', 'Earth Sciences', 'Anthropology', 'Physics'

 ___

 Your post is not yet visible on the forum and is awaiting review from the moderator team. Your question may be denied for the following reasons, 

 
* **Have you searched for your question on** [**AskScience**](https://www.reddit.com/r/askscience/search?q=Chernobyl%20physics%20questions.%20Why%20did%20they%20turn%20off%20the%20pumps%3F &sort=relevance&restrict_sr=on&t=all) **or on**  [**Google**](https://www.google.com/search?q=Chernobyl%20physics%20questions.%20Why%20did%20they%20turn%20off%20the%20pumps%3F)**?** - Common questions, or questions covered in the [**FAQ**](https://www.reddit.com/r/askscience/wiki/faq), will be rejected.
* **Are you asking for** [**medical advice**](http://redd.it/s4chc) **or does your post contain personal medical information?** - These questions, even innocuous ones should be between you and your doctor.
* **Is your post speculative or hypothetical?** - Questions involving unphysical what ifs or imaginary situations requiring guesses and speculation are best for /r/AskScienceDiscussion. 

There are more restrictions on what kind of questions are suitable for /r/AskScience, the above are just some of the most common. While you wait, check out the forum 
[**Posting Guidelines**](https://www.reddit.com/r/askscience/wiki/quickstart/askingquestions) on asking questions as well as our [**User Help Page**](https://www.reddit.com/r/askscience/wiki/index#wiki_askscience_user_help_page). Please wait several hours before messaging us if there is an issue, moderator mail concerning recent submissions will be ignored.

___

*I am a bot, and this action was performed automatically. Please contact the* [*moderators of this subreddit*](http://www.reddit.com/message/compose?to=%2Fr%2FAskScience&amp;message=My%20Post:%20http://redd.it/5dyrpa) *if you have any questions or concerns.*",askscience
Have thee no pints of ice cream? ,askscience
"Hi DamnDatAssSoFine thank you for submitting to /r/Askscience.

**If your post is not flaired it will not be reviewed.**    Please add flair to your post. 
 
 Your post will be removed permanently if flair is not added within one hour. You can flair this post by replying to this message with  your  flair choice.  It must be an exact match to one of the following flair categories and contain no other text:

 'Computing', 'Economics', 'Human Body', 'Engineering', 'Planetary Sci.', 'Archaeology', 'Neuroscience', 'Biology', 'Chemistry', 'Medicine', 'Linguistics', 'Mathematics', 'Astronomy', 'Psychology', 'Paleontology', 'Political Science', 'Social Science', 'Earth Sciences', 'Anthropology', 'Physics'

 ___

 Your post is not yet visible on the forum and is awaiting review from the moderator team. Your question may be denied for the following reasons, 

 
* **Have you searched for your question on** [**AskScience**](https://www.reddit.com/r/askscience/search?q=%5BGeneral%20question%20about%20physiology%5D%20Are%20ALL%20Autonomic%20Functions%20Involuntary%3F%20Are%20all%20Involuntary%20functions%20Autonomic%3F &sort=relevance&restrict_sr=on&t=all) **or on**  [**Google**](https://www.google.com/search?q=%5BGeneral%20question%20about%20physiology%5D%20Are%20ALL%20Autonomic%20Functions%20Involuntary%3F%20Are%20all%20Involuntary%20functions%20Autonomic%3F)**?** - Common questions, or questions covered in the [**FAQ**](https://www.reddit.com/r/askscience/wiki/faq), will be rejected.
* **Are you asking for** [**medical advice**](http://redd.it/s4chc) **or does your post contain personal medical information?** - These questions, even innocuous ones should be between you and your doctor.
* **Is your post speculative or hypothetical?** - Questions involving unphysical what ifs or imaginary situations requiring guesses and speculation are best for /r/AskScienceDiscussion. 

There are more restrictions on what kind of questions are suitable for /r/AskScience, the above are just some of the most common. While you wait, check out the forum 
[**Posting Guidelines**](https://www.reddit.com/r/askscience/wiki/quickstart/askingquestions) on asking questions as well as our [**User Help Page**](https://www.reddit.com/r/askscience/wiki/index#wiki_askscience_user_help_page). Please wait several hours before messaging us if there is an issue, moderator mail concerning recent submissions will be ignored.

___

*I am a bot, and this action was performed automatically. Please contact the* [*moderators of this subreddit*](http://www.reddit.com/message/compose?to=%2Fr%2FAskScience&amp;message=My%20Post:%20http://redd.it/5emuae) *if you have any questions or concerns.*",askscience
What if I'm lactose intolerant?,askscience
Have you ever worn a butt plug?,askscience
Are the refs really blind?,askscience
"Hi PGTits thank you for submitting to /r/Askscience.

**If your post is not flaired it will not be reviewed.**    Please add flair to your post. 
 
 Your post will be removed permanently if flair is not added within one hour. You can flair this post by replying to this message with  your  flair choice.  It must be an exact match to one of the following flair categories and contain no other text:

 'Computing', 'Economics', 'Human Body', 'Engineering', 'Planetary Sci.', 'Archaeology', 'Neuroscience', 'Biology', 'Chemistry', 'Medicine', 'Linguistics', 'Mathematics', 'Astronomy', 'Psychology', 'Paleontology', 'Political Science', 'Social Science', 'Earth Sciences', 'Anthropology', 'Physics'

 ___

 Your post is not yet visible on the forum and is awaiting review from the moderator team. Your question may be denied for the following reasons, 

 
* **Have you searched for your question on** [**AskScience**](https://www.reddit.com/r/askscience/search?q=How%20come%20I%20can%20see%20well%20if%20I%20squint%2C%20even%20though%20I%20have%20incredibly%20bad%20eyesight%3F &sort=relevance&restrict_sr=on&t=all) **or on**  [**Google**](https://www.google.com/search?q=How%20come%20I%20can%20see%20well%20if%20I%20squint%2C%20even%20though%20I%20have%20incredibly%20bad%20eyesight%3F)**?** - Common questions, or questions covered in the [**FAQ**](https://www.reddit.com/r/askscience/wiki/faq), will be rejected.
* **Are you asking for** [**medical advice**](http://redd.it/s4chc) **or does your post contain personal medical information?** - These questions, even innocuous ones should be between you and your doctor.
* **Is your post speculative or hypothetical?** - Questions involving unphysical what ifs or imaginary situations requiring guesses and speculation are best for /r/AskScienceDiscussion. 

There are more restrictions on what kind of questions are suitable for /r/AskScience, the above are just some of the most common. While you wait, check out the forum 
[**Posting Guidelines**](https://www.reddit.com/r/askscience/wiki/quickstart/askingquestions) on asking questions as well as our [**User Help Page**](https://www.reddit.com/r/askscience/wiki/index#wiki_askscience_user_help_page). Please wait several hours before messaging us if there is an issue, moderator mail concerning recent submissions will be ignored.

___

*I am a bot, and this action was performed automatically. Please contact the* [*moderators of this subreddit*](http://www.reddit.com/message/compose?to=%2Fr%2FAskScience&amp;message=My%20Post:%20http://redd.it/4vx5d2) *if you have any questions or concerns.*",askscience
"Hi larahw thank you for submitting to /r/Askscience.

**If your post is not flaired it will not be reviewed.**    Please add flair to your post. 
 
 Your post will be removed permanently if flair is not added within one hour. You can flair this post by replying to this message with  your  flair choice.  It must be an exact match to one of the following flair categories and contain no other text:

 'Computing', 'Economics', 'Human Body', 'Engineering', 'Planetary Sci.', 'Archaeology', 'Neuroscience', 'Biology', 'Chemistry', 'Medicine', 'Linguistics', 'Mathematics', 'Astronomy', 'Psychology', 'Paleontology', 'Political Science', 'Social Science', 'Earth Sciences', 'Anthropology', 'Physics'

 ___

 Your post is not yet visible on the forum and is awaiting review from the moderator team. Your question may be denied for the following reasons, 

 
* **Have you searched for your question on** [**AskScience**](https://www.reddit.com/r/askscience/search?q=Are%20there%20conditions%20under%20which%20Black%20Holes%20could%20explode%3F &sort=relevance&restrict_sr=on&t=all) **or on**  [**Google**](https://www.google.com/search?q=Are%20there%20conditions%20under%20which%20Black%20Holes%20could%20explode%3F)**?** - Common questions, or questions covered in the [**FAQ**](https://www.reddit.com/r/askscience/wiki/faq), will be rejected.
* **Are you asking for** [**medical advice**](http://redd.it/s4chc) **or does your post contain personal medical information?** - These questions, even innocuous ones should be between you and your doctor.
* **Is your post speculative or hypothetical?** - Questions involving unphysical what ifs or imaginary situations requiring guesses and speculation are best for /r/AskScienceDiscussion. 

There are more restrictions on what kind of questions are suitable for /r/AskScience, the above are just some of the most common. While you wait, check out the forum 
[**Posting Guidelines**](https://www.reddit.com/r/askscience/wiki/quickstart/askingquestions) on asking questions as well as our [**User Help Page**](https://www.reddit.com/r/askscience/wiki/index#wiki_askscience_user_help_page). Please wait several hours before messaging us if there is an issue, moderator mail concerning recent submissions will be ignored.

___

*I am a bot, and this action was performed automatically. Please contact the* [*moderators of this subreddit*](http://www.reddit.com/message/compose?to=%2Fr%2FAskScience&amp;message=My%20Post:%20http://redd.it/5mu66k) *if you have any questions or concerns.*",askscience
"Hi irishmickguard thank you for submitting to /r/Askscience.

**If your post is not flaired it will not be reviewed.**    Please add flair to your post. 
 
 Your post will be removed permanently if flair is not added within one hour. You can flair this post by replying to this message with  your  flair choice.  It must be an exact match to one of the following flair categories and contain no other text:

 'Computing', 'Economics', 'Human Body', 'Engineering', 'Planetary Sci.', 'Archaeology', 'Neuroscience', 'Biology', 'Chemistry', 'Medicine', 'Linguistics', 'Mathematics', 'Astronomy', 'Psychology', 'Paleontology', 'Political Science', 'Social Science', 'Earth Sciences', 'Anthropology', 'Physics'

 ___

 Your post is not yet visible on the forum and is awaiting review from the moderator team. Your question may be denied for the following reasons, 

 
* **Have you searched for your question on** [**AskScience**](https://www.reddit.com/r/askscience/search?q=Is%20down%20syndrom%20or%20other%20chromosome%20related%20condition%20present%20in%20the%20animal%20kingdom%3F &sort=relevance&restrict_sr=on&t=all) **or on**  [**Google**](https://www.google.com/search?q=Is%20down%20syndrom%20or%20other%20chromosome%20related%20condition%20present%20in%20the%20animal%20kingdom%3F)**?** - Common questions, or questions covered in the [**FAQ**](https://www.reddit.com/r/askscience/wiki/faq), will be rejected.
* **Are you asking for** [**medical advice**](http://redd.it/s4chc) **or does your post contain personal medical information?** - These questions, even innocuous ones should be between you and your doctor.
* **Is your post speculative or hypothetical?** - Questions involving unphysical what ifs or imaginary situations requiring guesses and speculation are best for /r/AskScienceDiscussion. 

There are more restrictions on what kind of questions are suitable for /r/AskScience, the above are just some of the most common. While you wait, check out the forum 
[**Posting Guidelines**](https://www.reddit.com/r/askscience/wiki/quickstart/askingquestions) on asking questions as well as our [**User Help Page**](https://www.reddit.com/r/askscience/wiki/index#wiki_askscience_user_help_page). Please wait several hours before messaging us if there is an issue, moderator mail concerning recent submissions will be ignored.

___

*I am a bot, and this action was performed automatically. Please contact the* [*moderators of this subreddit*](http://www.reddit.com/message/compose?to=%2Fr%2FAskScience&amp;message=My%20Post:%20http://redd.it/4wxku2) *if you have any questions or concerns.*",askscience
"'Now did the Lord say, ""First thou pullest the Holy Pin. Then thou must count to three. Three shall be the number of the counting and the number of the counting shall be three. Four shalt thou not count, neither shalt thou count two, excepting 'that thou then proceedeth to three. Five is right out. Once the number three, being the number of the counting, be reached,  then lobbest thou the Holy Hand Grenade.'",askscience
"Most corporations are not superstitious, but many casino workers are.  Dealers, pit bosses, supervisors... superstition is very common among them.  ",askscience
"Hi Dux0r thank you for submitting to /r/Askscience.

**If your post is not flaired it will not be reviewed.**    Please add flair to your post. 
 
 Your post will be removed permanently if flair is not added within one hour. You can flair this post by replying to this message with  your  flair choice.  It must be an exact match to one of the following flair categories and contain no other text:

 'Computing', 'Economics', 'Human Body', 'Engineering', 'Planetary Sci.', 'Archaeology', 'Neuroscience', 'Biology', 'Chemistry', 'Medicine', 'Linguistics', 'Mathematics', 'Astronomy', 'Psychology', 'Paleontology', 'Political Science', 'Social Science', 'Earth Sciences', 'Anthropology', 'Physics'

 ___

 Your post is not yet visible on the forum and is awaiting review from the moderator team. Your question may be denied for the following reasons, 

 
* **Have you searched for your question on** [**AskScience**](https://www.reddit.com/r/askscience/search?q=What%20effect%20would%20changing%20the%20wavelength%20of%20a%20microwave%20have%3F &sort=relevance&restrict_sr=on&t=all) **or on**  [**Google**](https://www.google.com/search?q=What%20effect%20would%20changing%20the%20wavelength%20of%20a%20microwave%20have%3F)**?** - Common questions, or questions covered in the [**FAQ**](https://www.reddit.com/r/askscience/wiki/faq), will be rejected.
* **Are you asking for** [**medical advice**](http://redd.it/s4chc) **or does your post contain personal medical information?** - These questions, even innocuous ones should be between you and your doctor.
* **Is your post speculative or hypothetical?** - Questions involving unphysical what ifs or imaginary situations requiring guesses and speculation are best for /r/AskScienceDiscussion. 

There are more restrictions on what kind of questions are suitable for /r/AskScience, the above are just some of the most common. While you wait, check out the forum 
[**Posting Guidelines**](https://www.reddit.com/r/askscience/wiki/quickstart/askingquestions) on asking questions as well as our [**User Help Page**](https://www.reddit.com/r/askscience/wiki/index#wiki_askscience_user_help_page). Please wait several hours before messaging us if there is an issue, moderator mail concerning recent submissions will be ignored.

___

*I am a bot, and this action was performed automatically. Please contact the* [*moderators of this subreddit*](http://www.reddit.com/message/compose?to=%2Fr%2FAskScience&amp;message=My%20Post:%20http://redd.it/5g95d9) *if you have any questions or concerns.*",askscience
"Hi surfingNerd thank you for submitting to /r/Askscience.

**If your post is not flaired it will not be reviewed.**    Please add flair to your post. 
 
 Your post will be removed permanently if flair is not added within one hour. You can flair this post by replying to this message with  your  flair choice.  It must be an exact match to one of the following flair categories and contain no other text:

 'Computing', 'Economics', 'Human Body', 'Engineering', 'Planetary Sci.', 'Archaeology', 'Neuroscience', 'Biology', 'Chemistry', 'Medicine', 'Linguistics', 'Mathematics', 'Astronomy', 'Psychology', 'Paleontology', 'Political Science', 'Social Science', 'Earth Sciences', 'Anthropology', 'Physics'

 ___

 Your post is not yet visible on the forum and is awaiting review from the moderator team. Your question may be denied for the following reasons, 

 
* **Have you searched for your question on** [**AskScience**](https://www.reddit.com/r/askscience/search?q=when%20someone%20gets%20involuntary%20muscle%20spasms%2C%20what%20exactly%20is%20going%20on%3F%20how%20is%20it%2C%20that%20if%20a%20given%20spot%20is%20pressed%2C%20can%20induce%20a%20spasm%3F%20why%20does%20stretching%20the%20leg%20alleviates%20it%3F &sort=relevance&restrict_sr=on&t=all) **or on**  [**Google**](https://www.google.com/search?q=when%20someone%20gets%20involuntary%20muscle%20spasms%2C%20what%20exactly%20is%20going%20on%3F%20how%20is%20it%2C%20that%20if%20a%20given%20spot%20is%20pressed%2C%20can%20induce%20a%20spasm%3F%20why%20does%20stretching%20the%20leg%20alleviates%20it%3F)**?** - Common questions, or questions covered in the [**FAQ**](https://www.reddit.com/r/askscience/wiki/faq), will be rejected.
* **Are you asking for** [**medical advice**](http://redd.it/s4chc) **or does your post contain personal medical information?** - These questions, even innocuous ones should be between you and your doctor.
* **Is your post speculative or hypothetical?** - Questions involving unphysical what ifs or imaginary situations requiring guesses and speculation are best for /r/AskScienceDiscussion. 

There are more restrictions on what kind of questions are suitable for /r/AskScience, the above are just some of the most common. While you wait, check out the forum 
[**Posting Guidelines**](https://www.reddit.com/r/askscience/wiki/quickstart/askingquestions) on asking questions as well as our [**User Help Page**](https://www.reddit.com/r/askscience/wiki/index#wiki_askscience_user_help_page). Please wait several hours before messaging us if there is an issue, moderator mail concerning recent submissions will be ignored.

___

*I am a bot, and this action was performed automatically. Please contact the* [*moderators of this subreddit*](http://www.reddit.com/message/compose?to=%2Fr%2FAskScience&amp;message=My%20Post:%20http://redd.it/4rpekv) *if you have any questions or concerns.*",askscience
"Infinity is also not something you can use in any Mathematical equation, because the chance of you getting something will always be 1-the chance of you not getting something, and viceversa. It doesn't give any 'real' answer",askscience
"So, two identical ""fire arrows"", both mounted and saturated but one with fuel and another with fuel actually set alight...

Yes, it makes a difference, but probably no, it doesn't make enough difference to matter much.

How do I know? They sound different. Sound in such situations represents a waste of energy. And the sound of the flame is actual turbulence, and turbulence is going to negatively affect the flight or accuracy.

One can do the same experiment swinging a lit torch versus an unlit torch.

Now, will that turbulence be enough to _meaningfully_ alter the the path? Probably not.

The entire transaction of shooting an arrow is difficult to repeat identically. That's what was supposed to be so amazing about splitting the previous arrow shot. Two identical, or even nearly identical shots are almost impossible... the feat of a true world-class archer.

Meanwhile, the burning fuel is probably evaporating faster than the non-burning fuel of the unlit arrow, so the arriving arrow is hotter and lighter if it was on fire.

So I have no hard numbers for you. We'd be hard-pressed to quantify the system enough to do more than guess.

So it makes a difference, but not enough of a difference to, say, need your archers to be closer.

And all that said, burning arrows are mostly an invention of the movies. Aside from setting thatch roofs ablaze and sowing a little panic they actually suck for combat. A fire-head for an arrow has a little basket-shape just behind the tip. That's going to blow off a lot of energy and the arrows just aren't going to penetrate. They are also heavier so they aren't going to go as far, so your archers are going to get shot getting into position if the non-fire archers of the other side are on alert.

Fire Arrows also have sucky aerodynamics as they've got a lump in the leading end, so they'd need a little more fletching to fly straight and that's even more drag.

And home-made fire arrows have a tendency to shoot the arrow out from the heart of the burning wrapping.

_AND_ they need to either be longer or you are bringing stupid fire very close to your hands and your valuable bow when you draw back the string/arrow. So the archer is going to be in a all-fired (ha ha) damn hurry to get that arrow away from his precious weapon.

All in all, in gaming terms, a (non magical) ""fire arrow"" should be assumed to do half damage and take a range and accuracy penalty were your rule set consistent with real physics. But not because of the fluffy looking fire causing significant drag, but because the whole system isn't designed for fire.",askscience
"Hi penis-pendulum thank you for submitting to /r/Askscience.

**If your post is not flaired it will not be reviewed.**    Please add flair to your post. 
 
 Your post will be removed permanently if flair is not added within one hour. You can flair this post by replying to this message with  your  flair choice.  It must be an exact match to one of the following flair categories and contain no other text:

 'Computing', 'Economics', 'Human Body', 'Engineering', 'Planetary Sci.', 'Archaeology', 'Neuroscience', 'Biology', 'Chemistry', 'Medicine', 'Linguistics', 'Mathematics', 'Astronomy', 'Psychology', 'Paleontology', 'Political Science', 'Social Science', 'Earth Sciences', 'Anthropology', 'Physics'

 ___

 Your post is not yet visible on the forum and is awaiting review from the moderator team. Your question may be denied for the following reasons, 

 
* **Have you searched for your question on** [**AskScience**](https://www.reddit.com/r/askscience/search?q=Why%20dont%20we%20see%20more%20mixed%20breeds%20of%20animals%20that%20are%20the%20same%20species%28more%20detail%20in%20the%20description%29%3F &sort=relevance&restrict_sr=on&t=all) **or on**  [**Google**](https://www.google.com/search?q=Why%20dont%20we%20see%20more%20mixed%20breeds%20of%20animals%20that%20are%20the%20same%20species%28more%20detail%20in%20the%20description%29%3F)**?** - Common questions, or questions covered in the [**FAQ**](https://www.reddit.com/r/askscience/wiki/faq), will be rejected.
* **Are you asking for** [**medical advice**](http://redd.it/s4chc) **or does your post contain personal medical information?** - These questions, even innocuous ones should be between you and your doctor.
* **Is your post speculative or hypothetical?** - Questions involving unphysical what ifs or imaginary situations requiring guesses and speculation are best for /r/AskScienceDiscussion. 

There are more restrictions on what kind of questions are suitable for /r/AskScience, the above are just some of the most common. While you wait, check out the forum 
[**Posting Guidelines**](https://www.reddit.com/r/askscience/wiki/quickstart/askingquestions) on asking questions as well as our [**User Help Page**](https://www.reddit.com/r/askscience/wiki/index#wiki_askscience_user_help_page). Please wait several hours before messaging us if there is an issue, moderator mail concerning recent submissions will be ignored.

___

*I am a bot, and this action was performed automatically. Please contact the* [*moderators of this subreddit*](http://www.reddit.com/message/compose?to=%2Fr%2FAskScience&amp;message=My%20Post:%20http://redd.it/5m2e3k) *if you have any questions or concerns.*",askscience
"Hi Mikey4021 thank you for submitting to /r/Askscience.

**If your post is not flaired it will not be reviewed.**    Please add flair to your post. 
 
 Your post will be removed permanently if flair is not added within one hour. You can flair this post by replying to this message with  your  flair choice.  It must be an exact match to one of the following flair categories and contain no other text:

 'Computing', 'Economics', 'Human Body', 'Engineering', 'Planetary Sci.', 'Archaeology', 'Neuroscience', 'Biology', 'Chemistry', 'Medicine', 'Linguistics', 'Mathematics', 'Astronomy', 'Psychology', 'Paleontology', 'Political Science', 'Social Science', 'Earth Sciences', 'Anthropology', 'Physics'

 ___

 Your post is not yet visible on the forum and is awaiting review from the moderator team. Your question may be denied for the following reasons, 

 
* **Have you searched for your question on** [**AskScience**](https://www.reddit.com/r/askscience/search?q=Could%20the%20run%20eject%20solid%20matter%2C%20Or%20somthing%20that%20could%20condense%20into%20solid%20matter%3F &sort=relevance&restrict_sr=on&t=all) **or on**  [**Google**](https://www.google.com/search?q=Could%20the%20run%20eject%20solid%20matter%2C%20Or%20somthing%20that%20could%20condense%20into%20solid%20matter%3F)**?** - Common questions, or questions covered in the [**FAQ**](https://www.reddit.com/r/askscience/wiki/faq), will be rejected.
* **Are you asking for** [**medical advice**](http://redd.it/s4chc) **or does your post contain personal medical information?** - These questions, even innocuous ones should be between you and your doctor.
* **Is your post speculative or hypothetical?** - Questions involving unphysical what ifs or imaginary situations requiring guesses and speculation are best for /r/AskScienceDiscussion. 

There are more restrictions on what kind of questions are suitable for /r/AskScience, the above are just some of the most common. While you wait, check out the forum 
[**Posting Guidelines**](https://www.reddit.com/r/askscience/wiki/quickstart/askingquestions) on asking questions as well as our [**User Help Page**](https://www.reddit.com/r/askscience/wiki/index#wiki_askscience_user_help_page). Please wait several hours before messaging us if there is an issue, moderator mail concerning recent submissions will be ignored.

___

*I am a bot, and this action was performed automatically. Please contact the* [*moderators of this subreddit*](http://www.reddit.com/message/compose?to=%2Fr%2FAskScience&amp;message=My%20Post:%20http://redd.it/5d42ny) *if you have any questions or concerns.*",askscience
"Hi woofwoofwolf thank you for submitting to /r/Askscience.

**If your post is not flaired it will not be reviewed.**    Please add flair to your post. 
 
 Your post will be removed permanently if flair is not added within one hour. You can flair this post by replying to this message with  your  flair choice.  It must be an exact match to one of the following flair categories and contain no other text:

 'Computing', 'Economics', 'Human Body', 'Engineering', 'Planetary Sci.', 'Archaeology', 'Neuroscience', 'Biology', 'Chemistry', 'Medicine', 'Linguistics', 'Mathematics', 'Astronomy', 'Psychology', 'Paleontology', 'Political Science', 'Social Science', 'Earth Sciences', 'Anthropology', 'Physics'

 ___

 Your post is not yet visible on the forum and is awaiting review from the moderator team. Your question may be denied for the following reasons, 

 
* **Have you searched for your question on** [**AskScience**](https://www.reddit.com/r/askscience/search?q=Why%20do%20we%20see%20only%20one%20side%20of%20the%20moon%20ever%3F &sort=relevance&restrict_sr=on&t=all) **or on**  [**Google**](https://www.google.com/search?q=Why%20do%20we%20see%20only%20one%20side%20of%20the%20moon%20ever%3F)**?** - Common questions, or questions covered in the [**FAQ**](https://www.reddit.com/r/askscience/wiki/faq), will be rejected.
* **Are you asking for** [**medical advice**](http://redd.it/s4chc) **or does your post contain personal medical information?** - These questions, even innocuous ones should be between you and your doctor.
* **Is your post speculative or hypothetical?** - Questions involving unphysical what ifs or imaginary situations requiring guesses and speculation are best for /r/AskScienceDiscussion. 

There are more restrictions on what kind of questions are suitable for /r/AskScience, the above are just some of the most common. While you wait, check out the forum 
[**Posting Guidelines**](https://www.reddit.com/r/askscience/wiki/quickstart/askingquestions) on asking questions as well as our [**User Help Page**](https://www.reddit.com/r/askscience/wiki/index#wiki_askscience_user_help_page). Please wait several hours before messaging us if there is an issue, moderator mail concerning recent submissions will be ignored.

___

*I am a bot, and this action was performed automatically. Please contact the* [*moderators of this subreddit*](http://www.reddit.com/message/compose?to=%2Fr%2FAskScience&amp;message=My%20Post:%20http://redd.it/4toh1d) *if you have any questions or concerns.*",askscience
"Hi PwmEsq thank you for submitting to /r/Askscience.

**If your post is not flaired it will not be reviewed.**    Please add flair to your post. 
 
 Your post will be removed permanently if flair is not added within one hour. You can flair this post by replying to this message with  your  flair choice.  It must be an exact match to one of the following flair categories and contain no other text:

 'Computing', 'Economics', 'Human Body', 'Engineering', 'Planetary Sci.', 'Archaeology', 'Neuroscience', 'Biology', 'Chemistry', 'Medicine', 'Linguistics', 'Mathematics', 'Astronomy', 'Psychology', 'Paleontology', 'Political Science', 'Social Science', 'Earth Sciences', 'Anthropology', 'Physics'

 ___

 Your post is not yet visible on the forum and is awaiting review from the moderator team. Your question may be denied for the following reasons, 

 
* **Have you searched for your question on** [**AskScience**](https://www.reddit.com/r/askscience/search?q=If%20injure%20myself%20but%20drink%20all%20my%20blood%20what%20percent%20of%20what%20i%20drink%20goes%20back%20into%20the%20bloodstream%3F &sort=relevance&restrict_sr=on&t=all) **or on**  [**Google**](https://www.google.com/search?q=If%20injure%20myself%20but%20drink%20all%20my%20blood%20what%20percent%20of%20what%20i%20drink%20goes%20back%20into%20the%20bloodstream%3F)**?** - Common questions, or questions covered in the [**FAQ**](https://www.reddit.com/r/askscience/wiki/faq), will be rejected.
* **Are you asking for** [**medical advice**](http://redd.it/s4chc) **or does your post contain personal medical information?** - These questions, even innocuous ones should be between you and your doctor.
* **Is your post speculative or hypothetical?** - Questions involving unphysical what ifs or imaginary situations requiring guesses and speculation are best for /r/AskScienceDiscussion. 

There are more restrictions on what kind of questions are suitable for /r/AskScience, the above are just some of the most common. While you wait, check out the forum 
[**Posting Guidelines**](https://www.reddit.com/r/askscience/wiki/quickstart/askingquestions) on asking questions as well as our [**User Help Page**](https://www.reddit.com/r/askscience/wiki/index#wiki_askscience_user_help_page). Please wait several hours before messaging us if there is an issue, moderator mail concerning recent submissions will be ignored.

___

*I am a bot, and this action was performed automatically. Please contact the* [*moderators of this subreddit*](http://www.reddit.com/message/compose?to=%2Fr%2FAskScience&amp;message=My%20Post:%20http://redd.it/5eg4dm) *if you have any questions or concerns.*",askscience
"Hi dumdum2121 thank you for submitting to /r/Askscience.

**If your post is not flaired it will not be reviewed.**    Please add flair to your post. 
 
 Your post will be removed permanently if flair is not added within one hour. You can flair this post by replying to this message with  your  flair choice.  It must be an exact match to one of the following flair categories and contain no other text:

 'Computing', 'Economics', 'Human Body', 'Engineering', 'Planetary Sci.', 'Archaeology', 'Neuroscience', 'Biology', 'Chemistry', 'Medicine', 'Linguistics', 'Mathematics', 'Astronomy', 'Psychology', 'Paleontology', 'Political Science', 'Social Science', 'Earth Sciences', 'Anthropology', 'Physics'

 ___

 Your post is not yet visible on the forum and is awaiting review from the moderator team. Your question may be denied for the following reasons, 

 
* **Have you searched for your question on** [**AskScience**](https://www.reddit.com/r/askscience/search?q=Why%20are%20animals%20produced%20from%20cross-species%20breeding%20infertile%3F &sort=relevance&restrict_sr=on&t=all) **or on**  [**Google**](https://www.google.com/search?q=Why%20are%20animals%20produced%20from%20cross-species%20breeding%20infertile%3F)**?** - Common questions, or questions covered in the [**FAQ**](https://www.reddit.com/r/askscience/wiki/faq), will be rejected.
* **Are you asking for** [**medical advice**](http://redd.it/s4chc) **or does your post contain personal medical information?** - These questions, even innocuous ones should be between you and your doctor.
* **Is your post speculative or hypothetical?** - Questions involving unphysical what ifs or imaginary situations requiring guesses and speculation are best for /r/AskScienceDiscussion. 

There are more restrictions on what kind of questions are suitable for /r/AskScience, the above are just some of the most common. While you wait, check out the forum 
[**Posting Guidelines**](https://www.reddit.com/r/askscience/wiki/quickstart/askingquestions) on asking questions as well as our [**User Help Page**](https://www.reddit.com/r/askscience/wiki/index#wiki_askscience_user_help_page). Please wait several hours before messaging us if there is an issue, moderator mail concerning recent submissions will be ignored.

___

*I am a bot, and this action was performed automatically. Please contact the* [*moderators of this subreddit*](http://www.reddit.com/message/compose?to=%2Fr%2FAskScience&amp;message=My%20Post:%20http://redd.it/4kogc8) *if you have any questions or concerns.*",askscience
"If 1 hour on the planet is 7 years on Earth and HE ages 23 years then wouldn't that mean they came back 161 Earth years later? Do you mean the people who come back for him aged 23 years? 

If they came back after 23 earth years, he'd experience it in a bit above 3 hours. If he experienced 23 years then the people who would be coming back would be 161 years older. 

Unless time moves faster on this planet and he's aging 23 years over about 3 hours and that's what you mean?

So I don't know if it's written wrong or if I'm just stupid but… doesn't sound right. But going with Occam's Razor in probably just stupid. ",askscience
"Hi Hunnerboy8 thank you for submitting to /r/Askscience.

**If your post is not flaired it will not be reviewed.**    Please add flair to your post. 
 
 Your post will be removed permanently if flair is not added within one hour. You can flair this post by replying to this message with  your  flair choice.  It must be an exact match to one of the following flair categories and contain no other text:

 'Computing', 'Economics', 'Human Body', 'Engineering', 'Planetary Sci.', 'Archaeology', 'Neuroscience', 'Biology', 'Chemistry', 'Medicine', 'Linguistics', 'Mathematics', 'Astronomy', 'Psychology', 'Paleontology', 'Political Science', 'Social Science', 'Earth Sciences', 'Anthropology', 'Physics'

 ___

 Your post is not yet visible on the forum and is awaiting review from the moderator team. Your question may be denied for the following reasons, 

 
* **Have you searched for your question on** [**AskScience**](https://www.reddit.com/r/askscience/search?q=%27Astronomy%27%20If%20the%20multiverse%20theory%20is%20correct%2C%20what%20separates%20our%20universes%3F%20And%20if%20the%20spaces%20is%20more%20space%20then%20what%20is%20stopping%20our%20universes%20from%20colliding%3F &sort=relevance&restrict_sr=on&t=all) **or on**  [**Google**](https://www.google.com/search?q=%27Astronomy%27%20If%20the%20multiverse%20theory%20is%20correct%2C%20what%20separates%20our%20universes%3F%20And%20if%20the%20spaces%20is%20more%20space%20then%20what%20is%20stopping%20our%20universes%20from%20colliding%3F)**?** - Common questions, or questions covered in the [**FAQ**](https://www.reddit.com/r/askscience/wiki/faq), will be rejected.
* **Are you asking for** [**medical advice**](http://redd.it/s4chc) **or does your post contain personal medical information?** - These questions, even innocuous ones should be between you and your doctor.
* **Is your post speculative or hypothetical?** - Questions involving unphysical what ifs or imaginary situations requiring guesses and speculation are best for /r/AskScienceDiscussion. 

There are more restrictions on what kind of questions are suitable for /r/AskScience, the above are just some of the most common. While you wait, check out the forum 
[**Posting Guidelines**](https://www.reddit.com/r/askscience/wiki/quickstart/askingquestions) on asking questions as well as our [**User Help Page**](https://www.reddit.com/r/askscience/wiki/index#wiki_askscience_user_help_page). Please wait several hours before messaging us if there is an issue, moderator mail concerning recent submissions will be ignored.

___

*I am a bot, and this action was performed automatically. Please contact the* [*moderators of this subreddit*](http://www.reddit.com/message/compose?to=%2Fr%2FAskScience&amp;message=My%20Post:%20http://redd.it/4ng8cl) *if you have any questions or concerns.*",askscience
"Hi chickachickad thank you for submitting to /r/Askscience.

**If your post is not flaired it will not be reviewed.**    Please add flair to your post. 
 
 Your post will be removed permanently if flair is not added within one hour. You can flair this post by replying to this message with  your  flair choice.  It must be an exact match to one of the following flair categories and contain no other text:

 'Computing', 'Economics', 'Human Body', 'Engineering', 'Planetary Sci.', 'Archaeology', 'Neuroscience', 'Biology', 'Chemistry', 'Medicine', 'Linguistics', 'Mathematics', 'Astronomy', 'Psychology', 'Paleontology', 'Political Science', 'Social Science', 'Earth Sciences', 'Anthropology', 'Physics'

 ___

 Your post is not yet visible on the forum and is awaiting review from the moderator team. Your question may be denied for the following reasons, 

 
* **Have you searched for your question on** [**AskScience**](https://www.reddit.com/r/askscience/search?q=Can%20someone%20be%20infected%20by%20a%20latent%20virus%20that%20is%20present%20in%20donated%20blood%3F &sort=relevance&restrict_sr=on&t=all) **or on**  [**Google**](https://www.google.com/search?q=Can%20someone%20be%20infected%20by%20a%20latent%20virus%20that%20is%20present%20in%20donated%20blood%3F)**?** - Common questions, or questions covered in the [**FAQ**](https://www.reddit.com/r/askscience/wiki/faq), will be rejected.
* **Are you asking for** [**medical advice**](http://redd.it/s4chc) **or does your post contain personal medical information?** - These questions, even innocuous ones should be between you and your doctor.
* **Is your post speculative or hypothetical?** - Questions involving unphysical what ifs or imaginary situations requiring guesses and speculation are best for /r/AskScienceDiscussion. 

There are more restrictions on what kind of questions are suitable for /r/AskScience, the above are just some of the most common. While you wait, check out the forum 
[**Posting Guidelines**](https://www.reddit.com/r/askscience/wiki/quickstart/askingquestions) on asking questions as well as our [**User Help Page**](https://www.reddit.com/r/askscience/wiki/index#wiki_askscience_user_help_page). Please wait several hours before messaging us if there is an issue, moderator mail concerning recent submissions will be ignored.

___

*I am a bot, and this action was performed automatically. Please contact the* [*moderators of this subreddit*](http://www.reddit.com/message/compose?to=%2Fr%2FAskScience&amp;message=My%20Post:%20http://redd.it/4ntopr) *if you have any questions or concerns.*",askscience
"Thanks for your answer.
I did try that assumption a couple of times. One night i had some digestive disorders in my stomach, so i thought why not putting my hand on my belly, giving it some heat, and see if something happens. I kept my hand for about 5 minutes, and then i was feeling better. 

Last night i had a pain in my shoulder, so i did the same. And i was like ""is this really gonna work!"". After placing my hand for 5 minutes, i was feeling better (not 100% healed).

So i did some research and most of results was about yoga and meditation. So what do you think about that?",askscience
"Hi dollaresh thank you for submitting to /r/Askscience.

**If your post is not flaired it will not be reviewed.**    Please add flair to your post. 
 
 Your post will be removed permanently if flair is not added within one hour. You can flair this post by replying to this message with  your  flair choice.  It must be an exact match to one of the following flair categories and contain no other text:

 'Computing', 'Economics', 'Human Body', 'Engineering', 'Planetary Sci.', 'Archaeology', 'Neuroscience', 'Biology', 'Chemistry', 'Medicine', 'Linguistics', 'Mathematics', 'Astronomy', 'Psychology', 'Paleontology', 'Political Science', 'Social Science', 'Earth Sciences', 'Anthropology', 'Physics'

 ___

 Your post is not yet visible on the forum and is awaiting review from the moderator team. Your question may be denied for the following reasons, 

 
* **Have you searched for your question on** [**AskScience**](https://www.reddit.com/r/askscience/search?q=Does%20living%20in%20higher%20altitude%20locations%20help%20in%20certain%20diseases%20like%20Tuberculosis%2C%20sickle%20cell%20anemia%2C%20and%20other%20blood%20disorder%20diseases%3F &sort=relevance&restrict_sr=on&t=all) **or on**  [**Google**](https://www.google.com/search?q=Does%20living%20in%20higher%20altitude%20locations%20help%20in%20certain%20diseases%20like%20Tuberculosis%2C%20sickle%20cell%20anemia%2C%20and%20other%20blood%20disorder%20diseases%3F)**?** - Common questions, or questions covered in the [**FAQ**](https://www.reddit.com/r/askscience/wiki/faq), will be rejected.
* **Are you asking for** [**medical advice**](http://redd.it/s4chc) **or does your post contain personal medical information?** - These questions, even innocuous ones should be between you and your doctor.
* **Is your post speculative or hypothetical?** - Questions involving unphysical what ifs or imaginary situations requiring guesses and speculation are best for /r/AskScienceDiscussion. 

There are more restrictions on what kind of questions are suitable for /r/AskScience, the above are just some of the most common. While you wait, check out the forum 
[**Posting Guidelines**](https://www.reddit.com/r/askscience/wiki/quickstart/askingquestions) on asking questions as well as our [**User Help Page**](https://www.reddit.com/r/askscience/wiki/index#wiki_askscience_user_help_page). Please wait several hours before messaging us if there is an issue, moderator mail concerning recent submissions will be ignored.

___

*I am a bot, and this action was performed automatically. Please contact the* [*moderators of this subreddit*](http://www.reddit.com/message/compose?to=%2Fr%2FAskScience&amp;message=My%20Post:%20http://redd.it/5j744o) *if you have any questions or concerns.*",askscience
"Hi harveycraig thank you for submitting to /r/Askscience.

**If your post is not flaired it will not be reviewed.**    Please add flair to your post. 
 
 Your post will be removed permanently if flair is not added within one hour. You can flair this post by replying to this message with  your  flair choice.  It must be an exact match to one of the following flair categories and contain no other text:

 'Computing', 'Economics', 'Human Body', 'Engineering', 'Planetary Sci.', 'Archaeology', 'Neuroscience', 'Biology', 'Chemistry', 'Medicine', 'Linguistics', 'Mathematics', 'Astronomy', 'Psychology', 'Paleontology', 'Political Science', 'Social Science', 'Earth Sciences', 'Anthropology', 'Physics'

 ___

 Your post is not yet visible on the forum and is awaiting review from the moderator team. Your question may be denied for the following reasons, 

 
* **Have you searched for your question on** [**AskScience**](https://www.reddit.com/r/askscience/search?q=Why%20does%20the%20cold%20side%20of%20the%20pillow%20feel%20so%20good%3F &sort=relevance&restrict_sr=on&t=all) **or on**  [**Google**](https://www.google.com/search?q=Why%20does%20the%20cold%20side%20of%20the%20pillow%20feel%20so%20good%3F)**?** - Common questions, or questions covered in the [**FAQ**](https://www.reddit.com/r/askscience/wiki/faq), will be rejected.
* **Are you asking for** [**medical advice**](http://redd.it/s4chc) **or does your post contain personal medical information?** - These questions, even innocuous ones should be between you and your doctor.
* **Is your post speculative or hypothetical?** - Questions involving unphysical what ifs or imaginary situations requiring guesses and speculation are best for /r/AskScienceDiscussion. 

There are more restrictions on what kind of questions are suitable for /r/AskScience, the above are just some of the most common. While you wait, check out the forum 
[**Posting Guidelines**](https://www.reddit.com/r/askscience/wiki/quickstart/askingquestions) on asking questions as well as our [**User Help Page**](https://www.reddit.com/r/askscience/wiki/index#wiki_askscience_user_help_page). Please wait several hours before messaging us if there is an issue, moderator mail concerning recent submissions will be ignored.

___

*I am a bot, and this action was performed automatically. Please contact the* [*moderators of this subreddit*](http://www.reddit.com/message/compose?to=%2Fr%2FAskScience&amp;message=My%20Post:%20http://redd.it/4qj0e7) *if you have any questions or concerns.*",askscience
"Hi viviand0097 thank you for submitting to /r/Askscience.

**If your post is not flaired it will not be reviewed.**    Please add flair to your post. 
 
 Your post will be removed permanently if flair is not added within one hour. You can flair this post by replying to this message with  your  flair choice.  It must be an exact match to one of the following flair categories and contain no other text:

 'Computing', 'Economics', 'Human Body', 'Engineering', 'Planetary Sci.', 'Archaeology', 'Neuroscience', 'Biology', 'Chemistry', 'Medicine', 'Linguistics', 'Mathematics', 'Astronomy', 'Psychology', 'Paleontology', 'Political Science', 'Social Science', 'Earth Sciences', 'Anthropology', 'Physics'

 ___

 Your post is not yet visible on the forum and is awaiting review from the moderator team. Your question may be denied for the following reasons, 

 
* **Have you searched for your question on** [**AskScience**](https://www.reddit.com/r/askscience/search?q=Will%20any%20of%20the%20non%20visible%20light%20wavelengths%20pass%20through%20objects%20that%20would%20absorb%20the%20photons%20usually%3F &sort=relevance&restrict_sr=on&t=all) **or on**  [**Google**](https://www.google.com/search?q=Will%20any%20of%20the%20non%20visible%20light%20wavelengths%20pass%20through%20objects%20that%20would%20absorb%20the%20photons%20usually%3F)**?** - Common questions, or questions covered in the [**FAQ**](https://www.reddit.com/r/askscience/wiki/faq), will be rejected.
* **Are you asking for** [**medical advice**](http://redd.it/s4chc) **or does your post contain personal medical information?** - These questions, even innocuous ones should be between you and your doctor.
* **Is your post speculative or hypothetical?** - Questions involving unphysical what ifs or imaginary situations requiring guesses and speculation are best for /r/AskScienceDiscussion. 

There are more restrictions on what kind of questions are suitable for /r/AskScience, the above are just some of the most common. While you wait, check out the forum 
[**Posting Guidelines**](https://www.reddit.com/r/askscience/wiki/quickstart/askingquestions) on asking questions as well as our [**User Help Page**](https://www.reddit.com/r/askscience/wiki/index#wiki_askscience_user_help_page). Please wait several hours before messaging us if there is an issue, moderator mail concerning recent submissions will be ignored.

___

*I am a bot, and this action was performed automatically. Please contact the* [*moderators of this subreddit*](http://www.reddit.com/message/compose?to=%2Fr%2FAskScience&amp;message=My%20Post:%20http://redd.it/55ohuu) *if you have any questions or concerns.*",askscience
"Hi GreenGeese thank you for submitting to /r/Askscience.

**If your post is not flaired it will not be reviewed.**    Please add flair to your post. 
 
 Your post will be removed permanently if flair is not added within one hour. You can flair this post by replying to this message with  your  flair choice.  It must be an exact match to one of the following flair categories and contain no other text:

 'Computing', 'Economics', 'Human Body', 'Engineering', 'Planetary Sci.', 'Archaeology', 'Neuroscience', 'Biology', 'Chemistry', 'Medicine', 'Linguistics', 'Mathematics', 'Astronomy', 'Psychology', 'Paleontology', 'Political Science', 'Social Science', 'Earth Sciences', 'Anthropology', 'Physics'

 ___

 Your post is not yet visible on the forum and is awaiting review from the moderator team. Your question may be denied for the following reasons, 

 
* **Have you searched for your question on** [**AskScience**](https://www.reddit.com/r/askscience/search?q=Is%20there%20any%20functional%20purpose%20for%20hair%20color%3F &sort=relevance&restrict_sr=on&t=all) **or on**  [**Google**](https://www.google.com/search?q=Is%20there%20any%20functional%20purpose%20for%20hair%20color%3F)**?** - Common questions, or questions covered in the [**FAQ**](https://www.reddit.com/r/askscience/wiki/faq), will be rejected.
* **Are you asking for** [**medical advice**](http://redd.it/s4chc) **or does your post contain personal medical information?** - These questions, even innocuous ones should be between you and your doctor.
* **Is your post speculative or hypothetical?** - Questions involving unphysical what ifs or imaginary situations requiring guesses and speculation are best for /r/AskScienceDiscussion. 

There are more restrictions on what kind of questions are suitable for /r/AskScience, the above are just some of the most common. While you wait, check out the forum 
[**Posting Guidelines**](https://www.reddit.com/r/askscience/wiki/quickstart/askingquestions) on asking questions as well as our [**User Help Page**](https://www.reddit.com/r/askscience/wiki/index#wiki_askscience_user_help_page). Please wait several hours before messaging us if there is an issue, moderator mail concerning recent submissions will be ignored.

___

*I am a bot, and this action was performed automatically. Please contact the* [*moderators of this subreddit*](http://www.reddit.com/message/compose?to=%2Fr%2FAskScience&amp;message=My%20Post:%20http://redd.it/5p069m) *if you have any questions or concerns.*",askscience
"Hi bosborne93 thank you for submitting to /r/Askscience.

**If your post is not flaired it will not be reviewed.**    Please add flair to your post. 
 
 Your post will be removed permanently if flair is not added within one hour. You can flair this post by replying to this message with  your  flair choice.  It must be an exact match to one of the following flair categories and contain no other text:

 'Computing', 'Economics', 'Human Body', 'Engineering', 'Planetary Sci.', 'Archaeology', 'Neuroscience', 'Biology', 'Chemistry', 'Medicine', 'Linguistics', 'Mathematics', 'Astronomy', 'Psychology', 'Paleontology', 'Political Science', 'Social Science', 'Earth Sciences', 'Anthropology', 'Physics'

 ___

 Your post is not yet visible on the forum and is awaiting review from the moderator team. Your question may be denied for the following reasons, 

 
* **Have you searched for your question on** [**AskScience**](https://www.reddit.com/r/askscience/search?q=How%20do%20you%20weight%20a%20black%20hole%20%3F &sort=relevance&restrict_sr=on&t=all) **or on**  [**Google**](https://www.google.com/search?q=How%20do%20you%20weight%20a%20black%20hole%20%3F)**?** - Common questions, or questions covered in the [**FAQ**](https://www.reddit.com/r/askscience/wiki/faq), will be rejected.
* **Are you asking for** [**medical advice**](http://redd.it/s4chc) **or does your post contain personal medical information?** - These questions, even innocuous ones should be between you and your doctor.
* **Is your post speculative or hypothetical?** - Questions involving unphysical what ifs or imaginary situations requiring guesses and speculation are best for /r/AskScienceDiscussion. 

There are more restrictions on what kind of questions are suitable for /r/AskScience, the above are just some of the most common. While you wait, check out the forum 
[**Posting Guidelines**](https://www.reddit.com/r/askscience/wiki/quickstart/askingquestions) on asking questions as well as our [**User Help Page**](https://www.reddit.com/r/askscience/wiki/index#wiki_askscience_user_help_page). Please wait several hours before messaging us if there is an issue, moderator mail concerning recent submissions will be ignored.

___

*I am a bot, and this action was performed automatically. Please contact the* [*moderators of this subreddit*](http://www.reddit.com/message/compose?to=%2Fr%2FAskScience&amp;message=My%20Post:%20http://redd.it/5mq6ca) *if you have any questions or concerns.*",askscience
"Hi Necrocreature thank you for submitting to /r/Askscience.

**If your post is not flaired it will not be reviewed.**    Please add flair to your post. 
 
 Your post will be removed permanently if flair is not added within one hour. You can flair this post by replying to this message with  your  flair choice.  It must be an exact match to one of the following flair categories and contain no other text:

 'Computing', 'Economics', 'Human Body', 'Engineering', 'Planetary Sci.', 'Archaeology', 'Neuroscience', 'Biology', 'Chemistry', 'Medicine', 'Linguistics', 'Mathematics', 'Astronomy', 'Psychology', 'Paleontology', 'Political Science', 'Social Science', 'Earth Sciences', 'Anthropology', 'Physics'

 ___

 Your post is not yet visible on the forum and is awaiting review from the moderator team. Your question may be denied for the following reasons, 

 
* **Have you searched for your question on** [**AskScience**](https://www.reddit.com/r/askscience/search?q=What%20causes%20loud%20noises%20to%20cause%20a%20ringing%20in%20the%20ear%3F &sort=relevance&restrict_sr=on&t=all) **or on**  [**Google**](https://www.google.com/search?q=What%20causes%20loud%20noises%20to%20cause%20a%20ringing%20in%20the%20ear%3F)**?** - Common questions, or questions covered in the [**FAQ**](https://www.reddit.com/r/askscience/wiki/faq), will be rejected.
* **Are you asking for** [**medical advice**](http://redd.it/s4chc) **or does your post contain personal medical information?** - These questions, even innocuous ones should be between you and your doctor.
* **Is your post speculative or hypothetical?** - Questions involving unphysical what ifs or imaginary situations requiring guesses and speculation are best for /r/AskScienceDiscussion. 

There are more restrictions on what kind of questions are suitable for /r/AskScience, the above are just some of the most common. While you wait, check out the forum 
[**Posting Guidelines**](https://www.reddit.com/r/askscience/wiki/quickstart/askingquestions) on asking questions as well as our [**User Help Page**](https://www.reddit.com/r/askscience/wiki/index#wiki_askscience_user_help_page). Please wait several hours before messaging us if there is an issue, moderator mail concerning recent submissions will be ignored.

___

*I am a bot, and this action was performed automatically. Please contact the* [*moderators of this subreddit*](http://www.reddit.com/message/compose?to=%2Fr%2FAskScience&amp;message=My%20Post:%20http://redd.it/4wc8yn) *if you have any questions or concerns.*",askscience
"Hi MasterEk thank you for submitting to /r/Askscience.

**If your post is not flaired it will not be reviewed.**    Please add flair to your post. 
 
 Your post will be removed permanently if flair is not added within one hour. You can flair this post by replying to this message with  your  flair choice.  It must be an exact match to one of the following flair categories and contain no other text:

 'Computing', 'Economics', 'Human Body', 'Engineering', 'Planetary Sci.', 'Archaeology', 'Neuroscience', 'Biology', 'Chemistry', 'Medicine', 'Linguistics', 'Mathematics', 'Astronomy', 'Psychology', 'Paleontology', 'Political Science', 'Social Science', 'Earth Sciences', 'Anthropology', 'Physics'

 ___

 Your post is not yet visible on the forum and is awaiting review from the moderator team. Your question may be denied for the following reasons, 

 
* **Have you searched for your question on** [**AskScience**](https://www.reddit.com/r/askscience/search?q=Is%20dry%20mouth%20from%20MSG%20a%20real%20thing%3F &sort=relevance&restrict_sr=on&t=all) **or on**  [**Google**](https://www.google.com/search?q=Is%20dry%20mouth%20from%20MSG%20a%20real%20thing%3F)**?** - Common questions, or questions covered in the [**FAQ**](https://www.reddit.com/r/askscience/wiki/faq), will be rejected.
* **Are you asking for** [**medical advice**](http://redd.it/s4chc) **or does your post contain personal medical information?** - These questions, even innocuous ones should be between you and your doctor.
* **Is your post speculative or hypothetical?** - Questions involving unphysical what ifs or imaginary situations requiring guesses and speculation are best for /r/AskScienceDiscussion. 

There are more restrictions on what kind of questions are suitable for /r/AskScience, the above are just some of the most common. While you wait, check out the forum 
[**Posting Guidelines**](https://www.reddit.com/r/askscience/wiki/quickstart/askingquestions) on asking questions as well as our [**User Help Page**](https://www.reddit.com/r/askscience/wiki/index#wiki_askscience_user_help_page). Please wait several hours before messaging us if there is an issue, moderator mail concerning recent submissions will be ignored.

___

*I am a bot, and this action was performed automatically. Please contact the* [*moderators of this subreddit*](http://www.reddit.com/message/compose?to=%2Fr%2FAskScience&amp;message=My%20Post:%20http://redd.it/53g1te) *if you have any questions or concerns.*",askscience
"Hi liamcarter99 thank you for submitting to /r/Askscience.

**If your post is not flaired it will not be reviewed.**    Please add flair to your post. 
 
 Your post will be removed permanently if flair is not added within one hour. You can flair this post by replying to this message with  your  flair choice.  It must be an exact match to one of the following flair categories and contain no other text:

 'Computing', 'Economics', 'Human Body', 'Engineering', 'Planetary Sci.', 'Archaeology', 'Neuroscience', 'Biology', 'Chemistry', 'Medicine', 'Linguistics', 'Mathematics', 'Astronomy', 'Psychology', 'Paleontology', 'Political Science', 'Social Science', 'Earth Sciences', 'Anthropology', 'Physics'

 ___

 Your post is not yet visible on the forum and is awaiting review from the moderator team. Your question may be denied for the following reasons, 

 
* **Have you searched for your question on** [**AskScience**](https://www.reddit.com/r/askscience/search?q=Hot%20vs%20cold%20shower%20after%20workout%3F &sort=relevance&restrict_sr=on&t=all) **or on**  [**Google**](https://www.google.com/search?q=Hot%20vs%20cold%20shower%20after%20workout%3F)**?** - Common questions, or questions covered in the [**FAQ**](https://www.reddit.com/r/askscience/wiki/faq), will be rejected.
* **Are you asking for** [**medical advice**](http://redd.it/s4chc) **or does your post contain personal medical information?** - These questions, even innocuous ones should be between you and your doctor.
* **Is your post speculative or hypothetical?** - Questions involving unphysical what ifs or imaginary situations requiring guesses and speculation are best for /r/AskScienceDiscussion. 

There are more restrictions on what kind of questions are suitable for /r/AskScience, the above are just some of the most common. While you wait, check out the forum 
[**Posting Guidelines**](https://www.reddit.com/r/askscience/wiki/quickstart/askingquestions) on asking questions as well as our [**User Help Page**](https://www.reddit.com/r/askscience/wiki/index#wiki_askscience_user_help_page). Please wait several hours before messaging us if there is an issue, moderator mail concerning recent submissions will be ignored.

___

*I am a bot, and this action was performed automatically. Please contact the* [*moderators of this subreddit*](http://www.reddit.com/message/compose?to=%2Fr%2FAskScience&amp;message=My%20Post:%20http://redd.it/588qf6) *if you have any questions or concerns.*",askscience
"Hi Nexus-7 thank you for submitting to /r/Askscience.

**If your post is not flaired it will not be reviewed.**    Please add flair to your post. 
 
 Your post will be removed permanently if flair is not added within one hour. You can flair this post by replying to this message with  your  flair choice.  It must be an exact match to one of the following flair categories and contain no other text:

 'Computing', 'Economics', 'Human Body', 'Engineering', 'Planetary Sci.', 'Archaeology', 'Neuroscience', 'Biology', 'Chemistry', 'Medicine', 'Linguistics', 'Mathematics', 'Astronomy', 'Psychology', 'Paleontology', 'Political Science', 'Social Science', 'Earth Sciences', 'Anthropology', 'Physics'

 ___

 Your post is not yet visible on the forum and is awaiting review from the moderator team. Your question may be denied for the following reasons, 

 
* **Have you searched for your question on** [**AskScience**](https://www.reddit.com/r/askscience/search?q=Does%20lucid%20dreaming%20affect%20the%20quality%20of%20sleep%3F &sort=relevance&restrict_sr=on&t=all) **or on**  [**Google**](https://www.google.com/search?q=Does%20lucid%20dreaming%20affect%20the%20quality%20of%20sleep%3F)**?** - Common questions, or questions covered in the [**FAQ**](https://www.reddit.com/r/askscience/wiki/faq), will be rejected.
* **Are you asking for** [**medical advice**](http://redd.it/s4chc) **or does your post contain personal medical information?** - These questions, even innocuous ones should be between you and your doctor.
* **Is your post speculative or hypothetical?** - Questions involving unphysical what ifs or imaginary situations requiring guesses and speculation are best for /r/AskScienceDiscussion. 

There are more restrictions on what kind of questions are suitable for /r/AskScience, the above are just some of the most common. While you wait, check out the forum 
[**Posting Guidelines**](https://www.reddit.com/r/askscience/wiki/quickstart/askingquestions) on asking questions as well as our [**User Help Page**](https://www.reddit.com/r/askscience/wiki/index#wiki_askscience_user_help_page). Please wait several hours before messaging us if there is an issue, moderator mail concerning recent submissions will be ignored.

___

*I am a bot, and this action was performed automatically. Please contact the* [*moderators of this subreddit*](http://www.reddit.com/message/compose?to=%2Fr%2FAskScience&amp;message=My%20Post:%20http://redd.it/53m6q2) *if you have any questions or concerns.*",askscience
"Hi TheGlitchInTheSystem thank you for submitting to /r/Askscience.

**If your post is not flaired it will not be reviewed.**    Please add flair to your post. 
 
 Your post will be removed permanently if flair is not added within one hour. You can flair this post by replying to this message with  your  flair choice.  It must be an exact match to one of the following flair categories and contain no other text:

 'Computing', 'Economics', 'Human Body', 'Engineering', 'Planetary Sci.', 'Archaeology', 'Neuroscience', 'Biology', 'Chemistry', 'Medicine', 'Linguistics', 'Mathematics', 'Astronomy', 'Psychology', 'Paleontology', 'Political Science', 'Social Science', 'Earth Sciences', 'Anthropology', 'Physics'

 ___

 Your post is not yet visible on the forum and is awaiting review from the moderator team. Your question may be denied for the following reasons, 

 
* **Have you searched for your question on** [**AskScience**](https://www.reddit.com/r/askscience/search?q=When%20boiling%20water%20to%20kill%20bacteria%2C%20would%20boiling%20with%20low%20temperature%20in%20low%20pressure%20be%20as%20affective%20as%20high%20pressure%20normal%20atmosphere%3F &sort=relevance&restrict_sr=on&t=all) **or on**  [**Google**](https://www.google.com/search?q=When%20boiling%20water%20to%20kill%20bacteria%2C%20would%20boiling%20with%20low%20temperature%20in%20low%20pressure%20be%20as%20affective%20as%20high%20pressure%20normal%20atmosphere%3F)**?** - Common questions, or questions covered in the [**FAQ**](https://www.reddit.com/r/askscience/wiki/faq), will be rejected.
* **Are you asking for** [**medical advice**](http://redd.it/s4chc) **or does your post contain personal medical information?** - These questions, even innocuous ones should be between you and your doctor.
* **Is your post speculative or hypothetical?** - Questions involving unphysical what ifs or imaginary situations requiring guesses and speculation are best for /r/AskScienceDiscussion. 

There are more restrictions on what kind of questions are suitable for /r/AskScience, the above are just some of the most common. While you wait, check out the forum 
[**Posting Guidelines**](https://www.reddit.com/r/askscience/wiki/quickstart/askingquestions) on asking questions as well as our [**User Help Page**](https://www.reddit.com/r/askscience/wiki/index#wiki_askscience_user_help_page). Please wait several hours before messaging us if there is an issue, moderator mail concerning recent submissions will be ignored.

___

*I am a bot, and this action was performed automatically. Please contact the* [*moderators of this subreddit*](http://www.reddit.com/message/compose?to=%2Fr%2FAskScience&amp;message=My%20Post:%20http://redd.it/4wmuj0) *if you have any questions or concerns.*",askscience
"Hi glasnenta thank you for submitting to /r/Askscience.

**If your post is not flaired it will not be reviewed.**    Please add flair to your post. 
 
 Your post will be removed permanently if flair is not added within one hour. You can flair this post by replying to this message with  your  flair choice.  It must be an exact match to one of the following flair categories and contain no other text:

 'Computing', 'Economics', 'Human Body', 'Engineering', 'Planetary Sci.', 'Archaeology', 'Neuroscience', 'Biology', 'Chemistry', 'Medicine', 'Linguistics', 'Mathematics', 'Astronomy', 'Psychology', 'Paleontology', 'Political Science', 'Social Science', 'Earth Sciences', 'Anthropology', 'Physics'

 ___

 Your post is not yet visible on the forum and is awaiting review from the moderator team. Your question may be denied for the following reasons, 

 
* **Have you searched for your question on** [**AskScience**](https://www.reddit.com/r/askscience/search?q=Greatest%20%28and%20smallest%29%20possible%20antipodal%20distances%3F &sort=relevance&restrict_sr=on&t=all) **or on**  [**Google**](https://www.google.com/search?q=Greatest%20%28and%20smallest%29%20possible%20antipodal%20distances%3F)**?** - Common questions, or questions covered in the [**FAQ**](https://www.reddit.com/r/askscience/wiki/faq), will be rejected.
* **Are you asking for** [**medical advice**](http://redd.it/s4chc) **or does your post contain personal medical information?** - These questions, even innocuous ones should be between you and your doctor.
* **Is your post speculative or hypothetical?** - Questions involving unphysical what ifs or imaginary situations requiring guesses and speculation are best for /r/AskScienceDiscussion. 

There are more restrictions on what kind of questions are suitable for /r/AskScience, the above are just some of the most common. While you wait, check out the forum 
[**Posting Guidelines**](https://www.reddit.com/r/askscience/wiki/quickstart/askingquestions) on asking questions as well as our [**User Help Page**](https://www.reddit.com/r/askscience/wiki/index#wiki_askscience_user_help_page). Please wait several hours before messaging us if there is an issue, moderator mail concerning recent submissions will be ignored.

___

*I am a bot, and this action was performed automatically. Please contact the* [*moderators of this subreddit*](http://www.reddit.com/message/compose?to=%2Fr%2FAskScience&amp;message=My%20Post:%20http://redd.it/4ziei0) *if you have any questions or concerns.*",askscience
"A few others mentioned a fragrance-free Febreeze which supposedly does not smell rank. I haven't tried it, but like you, I abhor the chemical perfumes of these sprays so I would use that one. ",askscience
"Hi livvyh98 thank you for submitting to /r/Askscience.

**If your post is not flaired it will not be reviewed.**    Please add flair to your post. 
 
 Your post will be removed permanently if flair is not added within one hour. You can flair this post by replying to this message with  your  flair choice.  It must be an exact match to one of the following flair categories and contain no other text:

 'Computing', 'Economics', 'Human Body', 'Engineering', 'Planetary Sci.', 'Archaeology', 'Neuroscience', 'Biology', 'Chemistry', 'Medicine', 'Linguistics', 'Mathematics', 'Astronomy', 'Psychology', 'Paleontology', 'Political Science', 'Social Science', 'Earth Sciences', 'Anthropology', 'Physics'

 ___

 Your post is not yet visible on the forum and is awaiting review from the moderator team. Your question may be denied for the following reasons, 

 
* **Have you searched for your question on** [**AskScience**](https://www.reddit.com/r/askscience/search?q=How%20do%20sandwich%20toastie%20bags%20work%3F &sort=relevance&restrict_sr=on&t=all) **or on**  [**Google**](https://www.google.com/search?q=How%20do%20sandwich%20toastie%20bags%20work%3F)**?** - Common questions, or questions covered in the [**FAQ**](https://www.reddit.com/r/askscience/wiki/faq), will be rejected.
* **Are you asking for** [**medical advice**](http://redd.it/s4chc) **or does your post contain personal medical information?** - These questions, even innocuous ones should be between you and your doctor.
* **Is your post speculative or hypothetical?** - Questions involving unphysical what ifs or imaginary situations requiring guesses and speculation are best for /r/AskScienceDiscussion. 

There are more restrictions on what kind of questions are suitable for /r/AskScience, the above are just some of the most common. While you wait, check out the forum 
[**Posting Guidelines**](https://www.reddit.com/r/askscience/wiki/quickstart/askingquestions) on asking questions as well as our [**User Help Page**](https://www.reddit.com/r/askscience/wiki/index#wiki_askscience_user_help_page). Please wait several hours before messaging us if there is an issue, moderator mail concerning recent submissions will be ignored.

___

*I am a bot, and this action was performed automatically. Please contact the* [*moderators of this subreddit*](http://www.reddit.com/message/compose?to=%2Fr%2FAskScience&amp;message=My%20Post:%20http://redd.it/5oqwoy) *if you have any questions or concerns.*",askscience
"Hi Asinick thank you for submitting to /r/Askscience.

**If your post is not flaired it will not be reviewed.**    Please add flair to your post. 
 
 Your post will be removed permanently if flair is not added within one hour. You can flair this post by replying to this message with  your  flair choice.  It must be an exact match to one of the following flair categories and contain no other text:

 'Computing', 'Economics', 'Human Body', 'Engineering', 'Planetary Sci.', 'Archaeology', 'Neuroscience', 'Biology', 'Chemistry', 'Medicine', 'Linguistics', 'Mathematics', 'Astronomy', 'Psychology', 'Paleontology', 'Political Science', 'Social Science', 'Earth Sciences', 'Anthropology', 'Physics'

 ___

 Your post is not yet visible on the forum and is awaiting review from the moderator team. Your question may be denied for the following reasons, 

 
* **Have you searched for your question on** [**AskScience**](https://www.reddit.com/r/askscience/search?q=Energy%20released%20from%20antimatter%20annihilation%3F &sort=relevance&restrict_sr=on&t=all) **or on**  [**Google**](https://www.google.com/search?q=Energy%20released%20from%20antimatter%20annihilation%3F)**?** - Common questions, or questions covered in the [**FAQ**](https://www.reddit.com/r/askscience/wiki/faq), will be rejected.
* **Are you asking for** [**medical advice**](http://redd.it/s4chc) **or does your post contain personal medical information?** - These questions, even innocuous ones should be between you and your doctor.
* **Is your post speculative or hypothetical?** - Questions involving unphysical what ifs or imaginary situations requiring guesses and speculation are best for /r/AskScienceDiscussion. 

There are more restrictions on what kind of questions are suitable for /r/AskScience, the above are just some of the most common. While you wait, check out the forum 
[**Posting Guidelines**](https://www.reddit.com/r/askscience/wiki/quickstart/askingquestions) on asking questions as well as our [**User Help Page**](https://www.reddit.com/r/askscience/wiki/index#wiki_askscience_user_help_page). Please wait several hours before messaging us if there is an issue, moderator mail concerning recent submissions will be ignored.

___

*I am a bot, and this action was performed automatically. Please contact the* [*moderators of this subreddit*](http://www.reddit.com/message/compose?to=%2Fr%2FAskScience&amp;message=My%20Post:%20http://redd.it/5jk1w2) *if you have any questions or concerns.*",askscience
"Hi remetell thank you for submitting to /r/Askscience.

**If your post is not flaired it will not be reviewed.**    Please add flair to your post. 
 
 Your post will be removed permanently if flair is not added within one hour. You can flair this post by replying to this message with  your  flair choice.  It must be an exact match to one of the following flair categories and contain no other text:

 'Computing', 'Economics', 'Human Body', 'Engineering', 'Planetary Sci.', 'Archaeology', 'Neuroscience', 'Biology', 'Chemistry', 'Medicine', 'Linguistics', 'Mathematics', 'Astronomy', 'Psychology', 'Paleontology', 'Political Science', 'Social Science', 'Earth Sciences', 'Anthropology', 'Physics'

 ___

 Your post is not yet visible on the forum and is awaiting review from the moderator team. Your question may be denied for the following reasons, 

 
* **Have you searched for your question on** [**AskScience**](https://www.reddit.com/r/askscience/search?q=What%20things%20we%20use%20today%20do%20you%20believe%20will%20be%20obsolete%20in%205%20years%20time%3F &sort=relevance&restrict_sr=on&t=all) **or on**  [**Google**](https://www.google.com/search?q=What%20things%20we%20use%20today%20do%20you%20believe%20will%20be%20obsolete%20in%205%20years%20time%3F)**?** - Common questions, or questions covered in the [**FAQ**](https://www.reddit.com/r/askscience/wiki/faq), will be rejected.
* **Are you asking for** [**medical advice**](http://redd.it/s4chc) **or does your post contain personal medical information?** - These questions, even innocuous ones should be between you and your doctor.
* **Is your post speculative or hypothetical?** - Questions involving unphysical what ifs or imaginary situations requiring guesses and speculation are best for /r/AskScienceDiscussion. 

There are more restrictions on what kind of questions are suitable for /r/AskScience, the above are just some of the most common. While you wait, check out the forum 
[**Posting Guidelines**](https://www.reddit.com/r/askscience/wiki/quickstart/askingquestions) on asking questions as well as our [**User Help Page**](https://www.reddit.com/r/askscience/wiki/index#wiki_askscience_user_help_page). Please wait several hours before messaging us if there is an issue, moderator mail concerning recent submissions will be ignored.

___

*I am a bot, and this action was performed automatically. Please contact the* [*moderators of this subreddit*](http://www.reddit.com/message/compose?to=%2Fr%2FAskScience&amp;message=My%20Post:%20http://redd.it/4wiunl) *if you have any questions or concerns.*",askscience
"Or x-ray vision, ability to fly?",askscience
"Hi crossyjohnstonee thank you for submitting to /r/Askscience.

**If your post is not flaired it will not be reviewed.**    Please add flair to your post. 
 
 Your post will be removed permanently if flair is not added within one hour. You can flair this post by replying to this message with  your  flair choice.  It must be an exact match to one of the following flair categories and contain no other text:

 'Computing', 'Economics', 'Human Body', 'Engineering', 'Planetary Sci.', 'Archaeology', 'Neuroscience', 'Biology', 'Chemistry', 'Medicine', 'Linguistics', 'Mathematics', 'Astronomy', 'Psychology', 'Paleontology', 'Political Science', 'Social Science', 'Earth Sciences', 'Anthropology', 'Physics'

 ___

 Your post is not yet visible on the forum and is awaiting review from the moderator team. Your question may be denied for the following reasons, 

 
* **Have you searched for your question on** [**AskScience**](https://www.reddit.com/r/askscience/search?q=How%20much%20does%20every%20man%20made%20thing%20weigh%3F &sort=relevance&restrict_sr=on&t=all) **or on**  [**Google**](https://www.google.com/search?q=How%20much%20does%20every%20man%20made%20thing%20weigh%3F)**?** - Common questions, or questions covered in the [**FAQ**](https://www.reddit.com/r/askscience/wiki/faq), will be rejected.
* **Are you asking for** [**medical advice**](http://redd.it/s4chc) **or does your post contain personal medical information?** - These questions, even innocuous ones should be between you and your doctor.
* **Is your post speculative or hypothetical?** - Questions involving unphysical what ifs or imaginary situations requiring guesses and speculation are best for /r/AskScienceDiscussion. 

There are more restrictions on what kind of questions are suitable for /r/AskScience, the above are just some of the most common. While you wait, check out the forum 
[**Posting Guidelines**](https://www.reddit.com/r/askscience/wiki/quickstart/askingquestions) on asking questions as well as our [**User Help Page**](https://www.reddit.com/r/askscience/wiki/index#wiki_askscience_user_help_page). Please wait several hours before messaging us if there is an issue, moderator mail concerning recent submissions will be ignored.

___

*I am a bot, and this action was performed automatically. Please contact the* [*moderators of this subreddit*](http://www.reddit.com/message/compose?to=%2Fr%2FAskScience&amp;message=My%20Post:%20http://redd.it/5d1m6b) *if you have any questions or concerns.*",askscience
"Bonobos are definitely a type of chimp. Usually called the dwarf, or pygmy chimpanzee. ",askscience
"There is not enough evidence to CONCLUDE that we ""Evolved"" from Apes.

Evolution does however provide a lot of valid data to support this as a very valid hypothesis. While we share remarkable genetic markers dating back through the appearance of the Homo Genus there is still no finding of the direct missing link between primates and the spawn of the Homo genus as a whole. 

The lack of a true missing link means the conclusion we evolved from apes is not morally justifiable as a stance. We simply do not ""Know"" for a fact. 

But there is plenty of strong evidence and data to support and accept this as a basis for all further scientific study. 

Some evolution thumpers are just as bad as bible thumpers. ",askscience
"They gave the golden records to scientists who had not been exposed to it and not a single one could decode what it was trying to say. 

It's so abstract that it may not even be decipherable at all to aliens. They'd probably have better luck analyzing the backside themselves and figuring out it's a phonograph disc than decoding the gibberish on the front.",askscience
"Hi sekantbrekfast thank you for submitting to /r/Askscience.

**If your post is not flaired it will not be reviewed.**    Please add flair to your post. 
 
 Your post will be removed permanently if flair is not added within one hour. You can flair this post by replying to this message with  your  flair choice.  It must be an exact match to one of the following flair categories and contain no other text:

 'Computing', 'Economics', 'Human Body', 'Engineering', 'Planetary Sci.', 'Archaeology', 'Neuroscience', 'Biology', 'Chemistry', 'Medicine', 'Linguistics', 'Mathematics', 'Astronomy', 'Psychology', 'Paleontology', 'Political Science', 'Social Science', 'Earth Sciences', 'Anthropology', 'Physics'

 ___

 Your post is not yet visible on the forum and is awaiting review from the moderator team. Your question may be denied for the following reasons, 

 
* **Have you searched for your question on** [**AskScience**](https://www.reddit.com/r/askscience/search?q=Is%20it%20possible%20to%20negate%20the%20Doppler%20effect%3F &sort=relevance&restrict_sr=on&t=all) **or on**  [**Google**](https://www.google.com/search?q=Is%20it%20possible%20to%20negate%20the%20Doppler%20effect%3F)**?** - Common questions, or questions covered in the [**FAQ**](https://www.reddit.com/r/askscience/wiki/faq), will be rejected.
* **Are you asking for** [**medical advice**](http://redd.it/s4chc) **or does your post contain personal medical information?** - These questions, even innocuous ones should be between you and your doctor.
* **Is your post speculative or hypothetical?** - Questions involving unphysical what ifs or imaginary situations requiring guesses and speculation are best for /r/AskScienceDiscussion. 

There are more restrictions on what kind of questions are suitable for /r/AskScience, the above are just some of the most common. While you wait, check out the forum 
[**Posting Guidelines**](https://www.reddit.com/r/askscience/wiki/quickstart/askingquestions) on asking questions as well as our [**User Help Page**](https://www.reddit.com/r/askscience/wiki/index#wiki_askscience_user_help_page). Please wait several hours before messaging us if there is an issue, moderator mail concerning recent submissions will be ignored.

___

*I am a bot, and this action was performed automatically. Please contact the* [*moderators of this subreddit*](http://www.reddit.com/message/compose?to=%2Fr%2FAskScience&amp;message=My%20Post:%20http://redd.it/580k3i) *if you have any questions or concerns.*",askscience
"Misread that as cows and ravens. My experience with cows would lead me to believe they have just enough brain power to chew their cud and copulate when presented the opportunity. 

Crows though, they seem pretty smart. ",askscience
"Hi captainfantastyk thank you for submitting to /r/Askscience.

**If your post is not flaired it will not be reviewed.**    Please add flair to your post. 
 
 Your post will be removed permanently if flair is not added within one hour. You can flair this post by replying to this message with  your  flair choice.  It must be an exact match to one of the following flair categories and contain no other text:

 'Computing', 'Economics', 'Human Body', 'Engineering', 'Planetary Sci.', 'Archaeology', 'Neuroscience', 'Biology', 'Chemistry', 'Medicine', 'Linguistics', 'Mathematics', 'Astronomy', 'Psychology', 'Paleontology', 'Political Science', 'Social Science', 'Earth Sciences', 'Anthropology', 'Physics'

 ___

 Your post is not yet visible on the forum and is awaiting review from the moderator team. Your question may be denied for the following reasons, 

 
* **Have you searched for your question on** [**AskScience**](https://www.reddit.com/r/askscience/search?q=if%20we%20were%20to%20hook%20a%20fully%20paralyzed%20but%20still%20living%20adult%20male%20into%20a%20suit%20that%20had%20multiple%20electrodes%20over%20his%20muscle%20groups.%20would%20we%20be%20able%20to%20move%20him%20like%20a%20sort%20of%20human%20puppet%3F%20or%20not%3F%20what%20would%20be%20some%20of%20the%20challenges%20to%20achieving%20this%3F%20apart%20from%20morality. &sort=relevance&restrict_sr=on&t=all) **or on**  [**Google**](https://www.google.com/search?q=if%20we%20were%20to%20hook%20a%20fully%20paralyzed%20but%20still%20living%20adult%20male%20into%20a%20suit%20that%20had%20multiple%20electrodes%20over%20his%20muscle%20groups.%20would%20we%20be%20able%20to%20move%20him%20like%20a%20sort%20of%20human%20puppet%3F%20or%20not%3F%20what%20would%20be%20some%20of%20the%20challenges%20to%20achieving%20this%3F%20apart%20from%20morality.)**?** - Common questions, or questions covered in the [**FAQ**](https://www.reddit.com/r/askscience/wiki/faq), will be rejected.
* **Are you asking for** [**medical advice**](http://redd.it/s4chc) **or does your post contain personal medical information?** - These questions, even innocuous ones should be between you and your doctor.
* **Is your post speculative or hypothetical?** - Questions involving unphysical what ifs or imaginary situations requiring guesses and speculation are best for /r/AskScienceDiscussion. 

There are more restrictions on what kind of questions are suitable for /r/AskScience, the above are just some of the most common. While you wait, check out the forum 
[**Posting Guidelines**](https://www.reddit.com/r/askscience/wiki/quickstart/askingquestions) on asking questions as well as our [**User Help Page**](https://www.reddit.com/r/askscience/wiki/index#wiki_askscience_user_help_page). Please wait several hours before messaging us if there is an issue, moderator mail concerning recent submissions will be ignored.

___

*I am a bot, and this action was performed automatically. Please contact the* [*moderators of this subreddit*](http://www.reddit.com/message/compose?to=%2Fr%2FAskScience&amp;message=My%20Post:%20http://redd.it/5426qo) *if you have any questions or concerns.*",askscience
RemindMe! 12 hours,askscience
"Listen Mertie, you tie the shoes together and throw them onto some low hanging telephone wires and wait for the cops to come beat the fire.",askscience
"So with the oral kool-aid version, the way it works is a big dose takes 2 or 3 minutes to hit you, and then you know.  Death has always been a bit abstract until this moment. Now you know, hits you in the pit of the stomach like an ice ball of toilet bowl cleaner. Your death is now soon slow and certain.  Not to worry though, Father cares.   ",askscience
"Hi Wafflesthenoob thank you for submitting to /r/Askscience.

**If your post is not flaired it will not be reviewed.**    Please add flair to your post. 
 
 Your post will be removed permanently if flair is not added within one hour. You can flair this post by replying to this message with  your  flair choice.  It must be an exact match to one of the following flair categories and contain no other text:

 'Computing', 'Economics', 'Human Body', 'Engineering', 'Planetary Sci.', 'Archaeology', 'Neuroscience', 'Biology', 'Chemistry', 'Medicine', 'Linguistics', 'Mathematics', 'Astronomy', 'Psychology', 'Paleontology', 'Political Science', 'Social Science', 'Earth Sciences', 'Anthropology', 'Physics'

 ___

 Your post is not yet visible on the forum and is awaiting review from the moderator team. Your question may be denied for the following reasons, 

 
* **Have you searched for your question on** [**AskScience**](https://www.reddit.com/r/askscience/search?q=hypergiants%2C%20supergiants%2C%20neutron%20stars%2C%20green%20stars%2C%20and%20color%20of%20stars%20what%20are%20the%20specifics%20on%20them%3F &sort=relevance&restrict_sr=on&t=all) **or on**  [**Google**](https://www.google.com/search?q=hypergiants%2C%20supergiants%2C%20neutron%20stars%2C%20green%20stars%2C%20and%20color%20of%20stars%20what%20are%20the%20specifics%20on%20them%3F)**?** - Common questions, or questions covered in the [**FAQ**](https://www.reddit.com/r/askscience/wiki/faq), will be rejected.
* **Are you asking for** [**medical advice**](http://redd.it/s4chc) **or does your post contain personal medical information?** - These questions, even innocuous ones should be between you and your doctor.
* **Is your post speculative or hypothetical?** - Questions involving unphysical what ifs or imaginary situations requiring guesses and speculation are best for /r/AskScienceDiscussion. 

There are more restrictions on what kind of questions are suitable for /r/AskScience, the above are just some of the most common. While you wait, check out the forum 
[**Posting Guidelines**](https://www.reddit.com/r/askscience/wiki/quickstart/askingquestions) on asking questions as well as our [**User Help Page**](https://www.reddit.com/r/askscience/wiki/index#wiki_askscience_user_help_page). Please wait several hours before messaging us if there is an issue, moderator mail concerning recent submissions will be ignored.

___

*I am a bot, and this action was performed automatically. Please contact the* [*moderators of this subreddit*](http://www.reddit.com/message/compose?to=%2Fr%2FAskScience&amp;message=My%20Post:%20http://redd.it/5hdeof) *if you have any questions or concerns.*",askscience
"A smaller screen will definitely make it easier to see more dots at once.

As people have said, our brains see what they can, and then guess about the rest of it. Our brains constantly adjust for light and hue, based on other things. The whole Blue/Gold dress thing is based on how our brain guesses about the information it has.

The real trick isn't the dots - It's the lines that connect them. If you're looking at one, two, even five dots - The brain still has to guess about the rest. So it guesses that the lines must be connected. It's grey here, it's grey there - It's probably grey in between.",askscience
"Just FYI, you can't really subtend the width of a star because their width is absolutely tiny compared to their distance from earth. In other words, they are point-like. You can't see them actually moving because you can't distinguish their lateral movement. 
Black holes even more so because they are collapsed and have a smaller radius.

To 'see' them as a black disc you would have to *infer* it's movement, probably against a background, in which case it would be kind of difficult to distinguish from a planet.",askscience
"Hi Krolutrath thank you for submitting to /r/Askscience.

**If your post is not flaired it will not be reviewed.**    Please add flair to your post. 
 
 Your post will be removed permanently if flair is not added within one hour. You can flair this post by replying to this message with  your  flair choice.  It must be an exact match to one of the following flair categories and contain no other text:

 'Computing', 'Economics', 'Human Body', 'Engineering', 'Planetary Sci.', 'Archaeology', 'Neuroscience', 'Biology', 'Chemistry', 'Medicine', 'Linguistics', 'Mathematics', 'Astronomy', 'Psychology', 'Paleontology', 'Political Science', 'Social Science', 'Earth Sciences', 'Anthropology', 'Physics'

 ___

 Your post is not yet visible on the forum and is awaiting review from the moderator team. Your question may be denied for the following reasons, 

 
* **Have you searched for your question on** [**AskScience**](https://www.reddit.com/r/askscience/search?q=What%20gives%20certain%20gasses%20their%20odors%3F%20What%20makes%20us%20able%20to%20differentiate%20them%20from%20other%20gasses%3F &sort=relevance&restrict_sr=on&t=all) **or on**  [**Google**](https://www.google.com/search?q=What%20gives%20certain%20gasses%20their%20odors%3F%20What%20makes%20us%20able%20to%20differentiate%20them%20from%20other%20gasses%3F)**?** - Common questions, or questions covered in the [**FAQ**](https://www.reddit.com/r/askscience/wiki/faq), will be rejected.
* **Are you asking for** [**medical advice**](http://redd.it/s4chc) **or does your post contain personal medical information?** - These questions, even innocuous ones should be between you and your doctor.
* **Is your post speculative or hypothetical?** - Questions involving unphysical what ifs or imaginary situations requiring guesses and speculation are best for /r/AskScienceDiscussion. 

There are more restrictions on what kind of questions are suitable for /r/AskScience, the above are just some of the most common. While you wait, check out the forum 
[**Posting Guidelines**](https://www.reddit.com/r/askscience/wiki/quickstart/askingquestions) on asking questions as well as our [**User Help Page**](https://www.reddit.com/r/askscience/wiki/index#wiki_askscience_user_help_page). Please wait several hours before messaging us if there is an issue, moderator mail concerning recent submissions will be ignored.

___

*I am a bot, and this action was performed automatically. Please contact the* [*moderators of this subreddit*](http://www.reddit.com/message/compose?to=%2Fr%2FAskScience&amp;message=My%20Post:%20http://redd.it/511m5b) *if you have any questions or concerns.*",askscience
"Hi megadumbbonehead thank you for submitting to /r/Askscience.

**If your post is not flaired it will not be reviewed.**    Please add flair to your post. 
 
 Your post will be removed permanently if flair is not added within one hour. You can flair this post by replying to this message with  your  flair choice.  It must be an exact match to one of the following flair categories and contain no other text:

 'Computing', 'Economics', 'Human Body', 'Engineering', 'Planetary Sci.', 'Archaeology', 'Neuroscience', 'Biology', 'Chemistry', 'Medicine', 'Linguistics', 'Mathematics', 'Astronomy', 'Psychology', 'Paleontology', 'Political Science', 'Social Science', 'Earth Sciences', 'Anthropology', 'Physics'

 ___

 Your post is not yet visible on the forum and is awaiting review from the moderator team. Your question may be denied for the following reasons, 

 
* **Have you searched for your question on** [**AskScience**](https://www.reddit.com/r/askscience/search?q=Do%20googol%20and%20googolplex%20have%20any%20practical%20applications%3F &sort=relevance&restrict_sr=on&t=all) **or on**  [**Google**](https://www.google.com/search?q=Do%20googol%20and%20googolplex%20have%20any%20practical%20applications%3F)**?** - Common questions, or questions covered in the [**FAQ**](https://www.reddit.com/r/askscience/wiki/faq), will be rejected.
* **Are you asking for** [**medical advice**](http://redd.it/s4chc) **or does your post contain personal medical information?** - These questions, even innocuous ones should be between you and your doctor.
* **Is your post speculative or hypothetical?** - Questions involving unphysical what ifs or imaginary situations requiring guesses and speculation are best for /r/AskScienceDiscussion. 

There are more restrictions on what kind of questions are suitable for /r/AskScience, the above are just some of the most common. While you wait, check out the forum 
[**Posting Guidelines**](https://www.reddit.com/r/askscience/wiki/quickstart/askingquestions) on asking questions as well as our [**User Help Page**](https://www.reddit.com/r/askscience/wiki/index#wiki_askscience_user_help_page). Please wait several hours before messaging us if there is an issue, moderator mail concerning recent submissions will be ignored.

___

*I am a bot, and this action was performed automatically. Please contact the* [*moderators of this subreddit*](http://www.reddit.com/message/compose?to=%2Fr%2FAskScience&amp;message=My%20Post:%20http://redd.it/553afg) *if you have any questions or concerns.*",askscience
"Hi Ello_Laddie thank you for submitting to /r/Askscience.

**If your post is not flaired it will not be reviewed.**    Please add flair to your post. 
 
 Your post will be removed permanently if flair is not added within one hour. You can flair this post by replying to this message with  your  flair choice.  It must be an exact match to one of the following flair categories and contain no other text:

 'Computing', 'Economics', 'Human Body', 'Engineering', 'Planetary Sci.', 'Archaeology', 'Neuroscience', 'Biology', 'Chemistry', 'Medicine', 'Linguistics', 'Mathematics', 'Astronomy', 'Psychology', 'Paleontology', 'Political Science', 'Social Science', 'Earth Sciences', 'Anthropology', 'Physics'

 ___

 Your post is not yet visible on the forum and is awaiting review from the moderator team. Your question may be denied for the following reasons, 

 
* **Have you searched for your question on** [**AskScience**](https://www.reddit.com/r/askscience/search?q=Is%20artificial%20sleep%20without%20any%20time%20passing%20plausible%3F &sort=relevance&restrict_sr=on&t=all) **or on**  [**Google**](https://www.google.com/search?q=Is%20artificial%20sleep%20without%20any%20time%20passing%20plausible%3F)**?** - Common questions, or questions covered in the [**FAQ**](https://www.reddit.com/r/askscience/wiki/faq), will be rejected.
* **Are you asking for** [**medical advice**](http://redd.it/s4chc) **or does your post contain personal medical information?** - These questions, even innocuous ones should be between you and your doctor.
* **Is your post speculative or hypothetical?** - Questions involving unphysical what ifs or imaginary situations requiring guesses and speculation are best for /r/AskScienceDiscussion. 

There are more restrictions on what kind of questions are suitable for /r/AskScience, the above are just some of the most common. While you wait, check out the forum 
[**Posting Guidelines**](https://www.reddit.com/r/askscience/wiki/quickstart/askingquestions) on asking questions as well as our [**User Help Page**](https://www.reddit.com/r/askscience/wiki/index#wiki_askscience_user_help_page). Please wait several hours before messaging us if there is an issue, moderator mail concerning recent submissions will be ignored.

___

*I am a bot, and this action was performed automatically. Please contact the* [*moderators of this subreddit*](http://www.reddit.com/message/compose?to=%2Fr%2FAskScience&amp;message=My%20Post:%20http://redd.it/5etz1p) *if you have any questions or concerns.*",askscience
But what if the stereo is cold and needs a few blsnkets?,askscience
"Hi My_Genuine_Questions thank you for submitting to /r/Askscience.

**If your post is not flaired it will not be reviewed.**    Please add flair to your post. 
 
 Your post will be removed permanently if flair is not added within one hour. You can flair this post by replying to this message with  your  flair choice.  It must be an exact match to one of the following flair categories and contain no other text:

 'Computing', 'Economics', 'Human Body', 'Engineering', 'Planetary Sci.', 'Archaeology', 'Neuroscience', 'Biology', 'Chemistry', 'Medicine', 'Linguistics', 'Mathematics', 'Astronomy', 'Psychology', 'Paleontology', 'Political Science', 'Social Science', 'Earth Sciences', 'Anthropology', 'Physics'

 ___

 Your post is not yet visible on the forum and is awaiting review from the moderator team. Your question may be denied for the following reasons, 

 
* **Have you searched for your question on** [**AskScience**](https://www.reddit.com/r/askscience/search?q=How%20does%20%22burning%20fat%22%20physically%20work%3F &sort=relevance&restrict_sr=on&t=all) **or on**  [**Google**](https://www.google.com/search?q=How%20does%20%22burning%20fat%22%20physically%20work%3F)**?** - Common questions, or questions covered in the [**FAQ**](https://www.reddit.com/r/askscience/wiki/faq), will be rejected.
* **Are you asking for** [**medical advice**](http://redd.it/s4chc) **or does your post contain personal medical information?** - These questions, even innocuous ones should be between you and your doctor.
* **Is your post speculative or hypothetical?** - Questions involving unphysical what ifs or imaginary situations requiring guesses and speculation are best for /r/AskScienceDiscussion. 

There are more restrictions on what kind of questions are suitable for /r/AskScience, the above are just some of the most common. While you wait, check out the forum 
[**Posting Guidelines**](https://www.reddit.com/r/askscience/wiki/quickstart/askingquestions) on asking questions as well as our [**User Help Page**](https://www.reddit.com/r/askscience/wiki/index#wiki_askscience_user_help_page). Please wait several hours before messaging us if there is an issue, moderator mail concerning recent submissions will be ignored.

___

*I am a bot, and this action was performed automatically. Please contact the* [*moderators of this subreddit*](http://www.reddit.com/message/compose?to=%2Fr%2FAskScience&amp;message=My%20Post:%20http://redd.it/4uxkmf) *if you have any questions or concerns.*",askscience
"Research suggests it's a way our brains separate our thoughts from the surrounding stimuli. It's almost as if our subconscious realizes there is no immediate threat and shuts off our perception of our surroundings.

This allows us to pursue whatever thought we are thinking about without worrying about the world around us.

This is different from sleep, where we go through several cycles and ""reset"" after a long day and lay down new memories. Why sitting with our eyes closed (like meditating) does not equal sleeping. ",askscience
